Population,Poverty,Child Poverty,state,county,year
16129.0,2185.0,1197.0,27,001,2010
323359.0,20730.0,11736.0,27,003,2010
31644.0,3554.0,2010.0,27,005,2010
42043.0,8383.0,4528.0,27,007,2010
37411.0,4428.0,2570.0,27,009,2010
5320.0,500.0,289.0,27,011,2010
59729.0,11331.0,6017.0,27,013,2010
24833.0,2434.0,1356.0,27,015,2010
33658.0,3520.0,1867.0,27,017,2010
88071.0,4172.0,2504.0,27,019,2010
28338.0,3707.0,1996.0,27,021,2010
12171.0,1143.0,704.0,27,023,2010
50585.0,3594.0,2196.0,27,025,2010
53020.0,6358.0,3625.0,27,027,2010
8341.0,1296.0,740.0,27,029,2010
5203.0,463.0,190.0,27,031,2010
11609.0,1263.0,760.0,27,033,2010
61064.0,7008.0,3769.0,27,035,2010
391308.0,21768.0,11681.0,27,037,2010
19682.0,1204.0,679.0,27,039,2010
35366.0,3800.0,1940.0,27,041,2010
14484.0,1581.0,968.0,27,043,2010
20344.0,2497.0,1313.0,27,045,2010
30658.0,3052.0,1801.0,27,047,2010
45357.0,3724.0,1872.0,27,049,2010
5931.0,712.0,363.0,27,051,2010
1114933.0,134363.0,72361.0,27,053,2010
18893.0,1732.0,965.0,27,055,2010
20020.0,2346.0,1214.0,27,057,2010
37138.0,3298.0,1616.0,27,059,2010
43690.0,5166.0,2568.0,27,061,2010
10253.0,933.0,582.0,27,063,2010
16334.0,2036.0,1127.0,27,065,2010
40693.0,4920.0,2725.0,27,067,2010
4453.0,284.0,148.0,27,069,2010
13416.0,1664.0,897.0,27,071,2010
7071.0,661.0,386.0,27,073,2010
10793.0,1252.0,676.0,27,075,2010
4137.0,565.0,295.0,27,077,2010
27351.0,2230.0,1351.0,27,079,2010
5906.0,545.0,364.0,27,081,2010
24273.0,2950.0,1640.0,27,083,2010
36094.0,2390.0,1389.0,27,085,2010
5254.0,1240.0,614.0,27,087,2010
9445.0,793.0,438.0,27,089,2010
20621.0,1850.0,1040.0,27,091,2010
22933.0,1983.0,1100.0,27,093,2010
24938.0,3088.0,1845.0,27,095,2010
32664.0,4264.0,2386.0,27,097,2010
38332.0,5467.0,3019.0,27,099,2010
8445.0,785.0,416.0,27,101,2010
30186.0,3505.0,1718.0,27,103,2010
20746.0,3741.0,1713.0,27,105,2010
6732.0,805.0,458.0,27,107,2010
138904.0,11686.0,6250.0,27,109,2010
56491.0,7306.0,4187.0,27,111,2010
13803.0,1647.0,797.0,27,113,2010
28109.0,3930.0,2161.0,27,115,2010
9538.0,946.0,579.0,27,117,2010
29677.0,3868.0,2000.0,27,119,2010
10855.0,867.0,493.0,27,121,2010
488851.0,77325.0,42196.0,27,123,2010
3943.0,387.0,230.0,27,125,2010
15614.0,1671.0,932.0,27,127,2010
15748.0,1695.0,1031.0,27,129,2010
56067.0,5851.0,3209.0,27,131,2010
9445.0,895.0,513.0,27,133,2010
15514.0,1639.0,950.0,27,135,2010
190964.0,28931.0,15806.0,27,137,2010
125317.0,5832.0,3444.0,27,139,2010
84440.0,6185.0,3877.0,27,141,2010
15048.0,1441.0,782.0,27,143,2010
138838.0,17894.0,9337.0,27,145,2010
36197.0,2717.0,1529.0,27,147,2010
8653.0,1237.0,638.0,27,149,2010
8959.0,811.0,517.0,27,151,2010
24444.0,3653.0,1968.0,27,153,2010
3485.0,325.0,174.0,27,155,2010
21685.0,1584.0,804.0,27,157,2010
13469.0,2260.0,1277.0,27,159,2010
18248.0,1389.0,872.0,27,161,2010
230531.0,11906.0,6596.0,27,163,2010
11107.0,1312.0,858.0,27,165,2010
6342.0,502.0,294.0,27,167,2010
47343.0,7307.0,4350.0,27,169,2010
119692.0,6554.0,3537.0,27,171,2010
10381.0,1317.0,777.0,27,173,2010
22920.0,2164.0,1182.0,27,093,2011
13525.0,1493.0,791.0,27,113,2011
55958.0,6054.0,3356.0,27,131,2011
6447.0,449.0,252.0,27,167,2011
4032.0,419.0,249.0,27,125,2011
53987.0,7043.0,3951.0,27,027,2011
14259.0,1687.0,990.0,27,043,2011
20419.0,2580.0,1353.0,27,045,2011
10585.0,1190.0,709.0,27,075,2011
30255.0,3693.0,1861.0,27,119,2011
15423.0,1763.0,999.0,27,135,2011
14957.0,1804.0,955.0,27,143,2011
11016.0,1151.0,781.0,27,165,2011
31879.0,3675.0,2119.0,27,005,2011
5159.0,579.0,366.0,27,011,2011
24771.0,2481.0,1354.0,27,015,2011
28342.0,4283.0,2286.0,27,021,2011
45194.0,3693.0,1984.0,27,049,2011
20004.0,2395.0,1212.0,27,057,2011
10118.0,1132.0,645.0,27,063,2011
20502.0,1897.0,1066.0,27,091,2011
20851.0,4061.0,1941.0,27,105,2011
27871.0,4172.0,2266.0,27,115,2011
85970.0,6867.0,4170.0,27,141,2011
13573.0,2444.0,1417.0,27,159,2011
37679.0,5032.0,2943.0,27,009,2011
89215.0,4504.0,2531.0,27,019,2011
30858.0,3448.0,2047.0,27,047,2011
44062.0,5005.0,2524.0,27,061,2011
36085.0,2701.0,1506.0,27,085,2011
10785.0,824.0,450.0,27,121,2011
492333.0,80612.0,43856.0,27,123,2011
8880.0,1267.0,652.0,27,149,2011
9011.0,826.0,522.0,27,151,2011
47574.0,7601.0,4346.0,27,169,2011
11383.0,1328.0,841.0,27,033,2011
127381.0,6385.0,3550.0,27,139,2011
19788.0,1279.0,727.0,27,039,2011
21410.0,1633.0,798.0,27,157,2011
9351.0,1053.0,619.0,27,117,2011
61573.0,7536.0,4079.0,27,035,2011
6690.0,850.0,440.0,27,107,2011
122179.0,6865.0,3713.0,27,171,2011
30213.0,3402.0,1758.0,27,103,2011
35426.0,3881.0,2045.0,27,041,2011
4432.0,355.0,182.0,27,069,2011
27499.0,2518.0,1438.0,27,079,2011
51622.0,3645.0,2037.0,27,025,2011
15697.0,1646.0,922.0,27,127,2011
24496.0,3798.0,2057.0,27,153,2011
42454.0,8351.0,4572.0,27,007,2011
18826.0,1696.0,897.0,27,055,2011
7108.0,645.0,372.0,27,073,2011
56122.0,7230.0,4180.0,27,111,2011
17994.0,1508.0,889.0,27,161,2011
325869.0,21514.0,11770.0,27,003,2011
394437.0,23770.0,13306.0,27,037,2011
5741.0,542.0,347.0,27,081,2011
9352.0,824.0,471.0,27,089,2011
25446.0,3419.0,1880.0,27,095,2011
233658.0,13303.0,7294.0,27,163,2011
33778.0,3800.0,1974.0,27,017,2011
16203.0,1951.0,1118.0,27,065,2011
5934.0,736.0,419.0,27,051,2011
5332.0,1410.0,713.0,27,087,2011
10252.0,1410.0,831.0,27,173,2011
60279.0,11408.0,6198.0,27,013,2011
4063.0,644.0,306.0,27,077,2011
191202.0,30638.0,16460.0,27,137,2011
141142.0,18052.0,9743.0,27,145,2011
24513.0,3200.0,1865.0,27,083,2011
15519.0,1680.0,1032.0,27,129,2011
5153.0,470.0,267.0,27,031,2011
13096.0,1645.0,834.0,27,071,2011
32760.0,4277.0,2355.0,27,097,2011
35951.0,3169.0,1789.0,27,147,2011
16092.0,1970.0,1109.0,27,001,2011
8613.0,855.0,460.0,27,101,2011
41250.0,5249.0,2771.0,27,067,2011
9394.0,1047.0,606.0,27,133,2011
3498.0,287.0,148.0,27,155,2011
1124293.0,138258.0,73852.0,27,053,2011
12155.0,1313.0,813.0,27,023,2011
8504.0,1380.0,763.0,27,029,2011
37490.0,3088.0,1590.0,27,059,2011
38227.0,5836.0,3109.0,27,099,2011
140610.0,11416.0,6175.0,27,109,2011
13028.0,1564.0,858.0,27,071,2012
32743.0,4328.0,2372.0,27,097,2012
35938.0,3106.0,1780.0,27,147,2012
15928.0,1999.0,1050.0,27,001,2012
8565.0,866.0,471.0,27,101,2012
41434.0,5362.0,2853.0,27,067,2012
9423.0,1126.0,678.0,27,133,2012
3440.0,318.0,178.0,27,155,2012
1136433.0,143141.0,76206.0,27,053,2012
12091.0,1142.0,688.0,27,023,2012
8523.0,1288.0,693.0,27,029,2012
37556.0,3041.0,1487.0,27,059,2012
38363.0,6072.0,3157.0,27,099,2012
142075.0,12013.0,6778.0,27,109,2012
35473.0,3641.0,1851.0,27,041,2012
27439.0,2489.0,1360.0,27,079,2012
15674.0,1652.0,917.0,27,127,2012
24416.0,3873.0,2143.0,27,153,2012
18720.0,1832.0,977.0,27,055,2012
56128.0,6870.0,4059.0,27,111,2012
328197.0,23324.0,12645.0,27,003,2012
397374.0,25246.0,14234.0,27,037,2012
9301.0,731.0,463.0,27,089,2012
236222.0,13199.0,7218.0,27,163,2012
16102.0,2112.0,1173.0,27,065,2012
22802.0,2415.0,1297.0,27,093,2012
13601.0,1441.0,778.0,27,113,2012
56096.0,6163.0,3496.0,27,131,2012
6413.0,449.0,238.0,27,167,2012
4041.0,454.0,248.0,27,125,2012
54900.0,6851.0,3825.0,27,027,2012
14091.0,1741.0,1051.0,27,043,2012
20396.0,2622.0,1335.0,27,045,2012
10573.0,1390.0,766.0,27,075,2012
30292.0,3705.0,1785.0,27,119,2012
15348.0,1594.0,930.0,27,135,2012
14901.0,1897.0,1032.0,27,143,2012
11002.0,1284.0,889.0,27,165,2012
32065.0,3786.0,2047.0,27,005,2012
5116.0,659.0,421.0,27,011,2012
24675.0,2221.0,1220.0,27,015,2012
28219.0,4644.0,2402.0,27,021,2012
45289.0,3934.0,2142.0,27,049,2012
20057.0,2427.0,1220.0,27,057,2012
10076.0,1154.0,629.0,27,063,2012
20418.0,2159.0,1254.0,27,091,2012
21004.0,3604.0,1706.0,27,105,2012
27824.0,4110.0,2217.0,27,115,2012
86644.0,6907.0,4219.0,27,141,2012
13558.0,2497.0,1514.0,27,159,2012
37980.0,5527.0,3129.0,27,009,2012
90526.0,4679.0,2699.0,27,019,2012
30760.0,3618.0,2264.0,27,047,2012
44179.0,5518.0,2763.0,27,061,2012
35879.0,2773.0,1555.0,27,085,2012
10755.0,932.0,471.0,27,121,2012
496998.0,83400.0,45007.0,27,123,2012
8974.0,1285.0,667.0,27,149,2012
9224.0,931.0,522.0,27,151,2012
47455.0,7536.0,4210.0,27,169,2012
11355.0,1446.0,793.0,27,033,2012
129370.0,6752.0,3655.0,27,139,2012
19902.0,1454.0,817.0,27,039,2012
21379.0,1662.0,815.0,27,157,2012
9308.0,944.0,586.0,27,117,2012
61841.0,8258.0,4363.0,27,035,2012
6625.0,749.0,375.0,27,107,2012
123844.0,7527.0,4047.0,27,171,2012
30343.0,3336.0,1728.0,27,103,2012
5906.0,582.0,344.0,27,051,2012
4411.0,405.0,228.0,27,069,2012
5371.0,1459.0,716.0,27,087,2012
51913.0,3949.0,2083.0,27,025,2012
10137.0,1177.0,676.0,27,173,2012
42841.0,8855.0,4935.0,27,007,2012
60723.0,11756.0,6321.0,27,013,2012
7049.0,498.0,314.0,27,073,2012
4007.0,710.0,311.0,27,077,2012
17916.0,1581.0,851.0,27,161,2012
191634.0,30852.0,16416.0,27,137,2012
142289.0,18030.0,9690.0,27,145,2012
5710.0,424.0,288.0,27,081,2012
24551.0,3446.0,2070.0,27,083,2012
25396.0,3560.0,1955.0,27,095,2012
15308.0,1706.0,998.0,27,129,2012
34101.0,4072.0,2055.0,27,017,2012
5150.0,503.0,229.0,27,031,2012
12940.0,1827.0,943.0,27,071,2013
32684.0,4124.0,2260.0,27,097,2013
35908.0,3716.0,2235.0,27,147,2013
15795.0,1914.0,987.0,27,001,2013
8500.0,900.0,511.0,27,101,2013
41568.0,5649.0,3062.0,27,067,2013
9399.0,1233.0,747.0,27,133,2013
3405.0,305.0,158.0,27,155,2013
1148765.0,146826.0,78006.0,27,053,2013
12054.0,1281.0,819.0,27,023,2013
8584.0,1419.0,771.0,27,029,2013
37589.0,3020.0,1520.0,27,059,2013
38529.0,6267.0,3253.0,27,099,2013
143531.0,11468.0,6346.0,27,109,2013
5892.0,597.0,361.0,27,051,2013
5390.0,1412.0,687.0,27,087,2013
10078.0,1233.0,703.0,27,173,2013
61177.0,11749.0,6237.0,27,013,2013
3955.0,311.0,116.0,27,077,2013
191875.0,31420.0,16567.0,27,137,2013
399938.0,30326.0,16811.0,27,037,2013
24576.0,3546.0,2093.0,27,083,2013
15154.0,1759.0,1047.0,27,129,2013
5144.0,427.0,188.0,27,031,2013
22746.0,2316.0,1289.0,27,093,2013
13689.0,1494.0,826.0,27,113,2013
56268.0,6531.0,3926.0,27,131,2013
6381.0,588.0,313.0,27,167,2013
4037.0,479.0,245.0,27,125,2013
55560.0,6843.0,3709.0,27,027,2013
14006.0,1789.0,1140.0,27,043,2013
20406.0,2460.0,1246.0,27,045,2013
10562.0,1440.0,745.0,27,075,2013
30347.0,3816.0,1888.0,27,119,2013
15292.0,1482.0,840.0,27,135,2013
14859.0,1748.0,945.0,27,143,2013
11010.0,1192.0,842.0,27,165,2013
32265.0,4152.0,2318.0,27,005,2013
5078.0,630.0,411.0,27,011,2013
24465.0,2296.0,1276.0,27,015,2013
28123.0,4603.0,2462.0,27,021,2013
45339.0,4470.0,2554.0,27,049,2013
20154.0,2654.0,1280.0,27,057,2013
10086.0,1178.0,620.0,27,063,2013
20344.0,2185.0,1299.0,27,091,2013
21120.0,3372.0,1732.0,27,105,2013
27707.0,4087.0,2187.0,27,115,2013
87026.0,6764.0,4053.0,27,141,2013
13484.0,2282.0,1299.0,27,159,2013
38180.0,5519.0,3095.0,27,009,2013
91904.0,4560.0,2565.0,27,019,2013
30682.0,3372.0,2128.0,27,047,2013
44318.0,5539.0,2834.0,27,061,2013
35638.0,3013.0,1602.0,27,085,2013
10740.0,993.0,543.0,27,121,2013
501548.0,84942.0,45632.0,27,123,2013
9106.0,1403.0,768.0,27,149,2013
9446.0,923.0,524.0,27,151,2013
47169.0,7087.0,3665.0,27,169,2013
11332.0,1555.0,879.0,27,033,2013
131317.0,7197.0,3985.0,27,139,2013
20028.0,1480.0,803.0,27,039,2013
21312.0,1776.0,950.0,27,157,2013
9261.0,991.0,624.0,27,117,2013
61970.0,8018.0,4177.0,27,035,2013
6582.0,861.0,423.0,27,107,2013
125208.0,8135.0,4581.0,27,171,2013
30445.0,3216.0,1709.0,27,103,2013
35576.0,3855.0,1942.0,27,041,2013
4396.0,429.0,260.0,27,069,2013
27449.0,2419.0,1278.0,27,079,2013
52178.0,3895.0,2034.0,27,025,2013
15639.0,1560.0,849.0,27,127,2013
24330.0,3825.0,2100.0,27,153,2013
42964.0,9389.0,4963.0,27,007,2013
18645.0,2035.0,1035.0,27,055,2013
7007.0,564.0,345.0,27,073,2013
56161.0,6577.0,3825.0,27,111,2013
17838.0,1677.0,883.0,27,161,2013
330399.0,24417.0,13096.0,27,003,2013
143300.0,18715.0,9907.0,27,145,2013
5687.0,493.0,321.0,27,081,2013
9291.0,735.0,459.0,27,089,2013
25321.0,3518.0,1965.0,27,095,2013
238467.0,13667.0,7678.0,27,163,2013
34339.0,4300.0,2065.0,27,017,2013
15979.0,2161.0,1201.0,27,065,2013
12834.0,2037.0,1070.0,27,071,2014
32597.0,3938.0,2191.0,27,097,2014
35848.0,3932.0,2430.0,27,147,2014
15732.0,1870.0,994.0,27,001,2014
8446.0,844.0,488.0,27,101,2014
41642.0,5561.0,2970.0,27,067,2014
9377.0,1274.0,791.0,27,133,2014
3363.0,312.0,159.0,27,155,2014
1162078.0,150167.0,80141.0,27,053,2014
12008.0,1339.0,836.0,27,023,2014
8611.0,1442.0,776.0,27,029,2014
37717.0,2714.0,1383.0,27,059,2014
38740.0,5758.0,2995.0,27,099,2014
144962.0,12650.0,7111.0,27,109,2014
35706.0,3564.0,1856.0,27,041,2014
27412.0,2498.0,1313.0,27,079,2014
52301.0,3368.0,1805.0,27,025,2014
24226.0,3893.0,2080.0,27,153,2014
18586.0,2096.0,1061.0,27,055,2014
56243.0,6211.0,3593.0,27,111,2014
192344.0,32742.0,17360.0,27,137,2014
402930.0,31284.0,17179.0,27,037,2014
9298.0,718.0,440.0,27,089,2014
240868.0,13734.0,7830.0,27,163,2014
15919.0,2356.0,1307.0,27,065,2014
22725.0,2333.0,1333.0,27,093,2014
13755.0,1235.0,700.0,27,113,2014
56504.0,6651.0,4091.0,27,131,2014
6386.0,585.0,356.0,27,167,2014
4033.0,477.0,256.0,27,125,2014
56191.0,7224.0,3948.0,27,027,2014
13940.0,1845.0,1080.0,27,043,2014
20409.0,2327.0,1232.0,27,045,2014
10568.0,1430.0,731.0,27,075,2014
30408.0,3957.0,2035.0,27,119,2014
15256.0,1572.0,875.0,27,135,2014
14858.0,1609.0,926.0,27,143,2014
10990.0,1083.0,727.0,27,165,2014
32431.0,4364.0,2448.0,27,005,2014
5053.0,668.0,450.0,27,011,2014
24318.0,2044.0,1148.0,27,015,2014
28073.0,4781.0,2606.0,27,021,2014
20215.0,2148.0,1268.0,27,091,2014
45391.0,4738.0,2532.0,27,049,2014
20344.0,2561.0,1274.0,27,057,2014
10097.0,1118.0,561.0,27,063,2014
21249.0,3448.0,1820.0,27,105,2014
27593.0,4198.0,2175.0,27,115,2014
87656.0,6826.0,3954.0,27,141,2014
13455.0,2308.0,1230.0,27,159,2014
38343.0,5442.0,3123.0,27,009,2014
93315.0,4064.0,2224.0,27,019,2014
30561.0,3514.0,2135.0,27,047,2014
44346.0,5829.0,2997.0,27,061,2014
35599.0,2786.0,1497.0,27,085,2014
10724.0,1033.0,572.0,27,121,2014
507466.0,85504.0,46134.0,27,123,2014
9244.0,1590.0,838.0,27,149,2014
9425.0,983.0,598.0,27,151,2014
47160.0,7109.0,3622.0,27,169,2014
11362.0,1846.0,1040.0,27,033,2014
133665.0,7616.0,4155.0,27,139,2014
20126.0,1349.0,758.0,27,039,2014
21271.0,1612.0,860.0,27,157,2014
9181.0,1078.0,683.0,27,117,2014
62087.0,7330.0,3815.0,27,035,2014
6566.0,856.0,469.0,27,107,2014
126373.0,7950.0,4605.0,27,171,2014
30526.0,3263.0,1566.0,27,103,2014
5896.0,585.0,348.0,27,051,2014
4370.0,448.0,259.0,27,069,2014
5405.0,1445.0,742.0,27,087,2014
15536.0,1654.0,895.0,27,127,2014
10006.0,1318.0,744.0,27,173,2014
43111.0,8828.0,4737.0,27,007,2014
61303.0,11569.0,6027.0,27,013,2014
6938.0,574.0,320.0,27,073,2014
3922.0,281.0,96.0,27,077,2014
17926.0,1770.0,968.0,27,161,2014
332713.0,25217.0,13213.0,27,003,2014
144137.0,19332.0,10097.0,27,145,2014
5650.0,546.0,345.0,27,081,2014
24577.0,3433.0,2196.0,27,083,2014
25299.0,3235.0,1831.0,27,095,2014
14989.0,1791.0,1071.0,27,129,2014
34398.0,4703.0,2265.0,27,017,2014
5149.0,446.0,269.0,27,031,2014
12739.0,1937.0,981.0,27,071,2015
32495.0,3687.0,2085.0,27,097,2015
35891.0,3721.0,2321.0,27,147,2015
15586.0,1937.0,977.0,27,001,2015
8386.0,771.0,436.0,27,101,2015
41796.0,4877.0,2757.0,27,067,2015
9353.0,1067.0,636.0,27,133,2015
3337.0,341.0,202.0,27,155,2015
1175446.0,146382.0,77750.0,27,053,2015
11923.0,1454.0,883.0,27,023,2015
37831.0,2802.0,1398.0,27,059,2015
38738.0,5410.0,2743.0,27,099,2015
146331.0,13237.0,7402.0,27,109,2015
5887.0,533.0,324.0,27,051,2015
5416.0,1350.0,712.0,27,087,2015
9861.0,1175.0,587.0,27,173,2015
61509.0,11745.0,5918.0,27,013,2015
3892.0,363.0,201.0,27,077,2015
192546.0,30869.0,16621.0,27,137,2015
405771.0,31270.0,17535.0,27,037,2015
24552.0,3456.0,2105.0,27,083,2015
14817.0,1646.0,970.0,27,129,2015
5150.0,588.0,346.0,27,031,2015
8595.0,1451.0,747.0,27,029,2015
22691.0,2282.0,1331.0,27,093,2015
13833.0,1286.0,719.0,27,113,2015
56526.0,6469.0,3749.0,27,131,2015
6333.0,627.0,408.0,27,167,2015
4026.0,431.0,225.0,27,125,2015
56914.0,7202.0,3869.0,27,027,2015
13867.0,1878.0,1064.0,27,043,2015
20452.0,2280.0,1218.0,27,045,2015
10531.0,1364.0,677.0,27,075,2015
30383.0,3987.0,2000.0,27,119,2015
15365.0,1637.0,888.0,27,135,2015
14822.0,1584.0,885.0,27,143,2015
10895.0,1182.0,831.0,27,165,2015
32603.0,4160.0,2406.0,27,005,2015
4997.0,719.0,459.0,27,011,2015
24160.0,1887.0,956.0,27,015,2015
28074.0,4656.0,2461.0,27,021,2015
45472.0,5104.0,2850.0,27,049,2015
20389.0,2368.0,1276.0,27,057,2015
10065.0,1085.0,561.0,27,063,2015
20047.0,2286.0,1416.0,27,091,2015
21302.0,3320.0,1751.0,27,105,2015
27442.0,4015.0,2125.0,27,115,2015
88179.0,6966.0,4014.0,27,141,2015
13442.0,2211.0,1232.0,27,159,2015
38593.0,5732.0,3418.0,27,009,2015
94781.0,4172.0,2286.0,27,019,2015
30372.0,3679.0,2308.0,27,047,2015
44350.0,6018.0,3169.0,27,061,2015
35449.0,2866.0,1587.0,27,085,2015
10731.0,1011.0,580.0,27,121,2015
513815.0,84589.0,45862.0,27,123,2015
9396.0,1727.0,832.0,27,149,2015
9373.0,1167.0,770.0,27,151,2015
47071.0,6933.0,3457.0,27,169,2015
11329.0,1905.0,1043.0,27,033,2015
135587.0,7747.0,4220.0,27,139,2015
20173.0,1342.0,767.0,27,039,2015
21180.0,1547.0,805.0,27,157,2015
9148.0,1182.0,733.0,27,117,2015
62283.0,7028.0,3632.0,27,035,2015
6543.0,846.0,463.0,27,107,2015
127436.0,7846.0,4491.0,27,171,2015
30728.0,3814.0,1930.0,27,103,2015
35993.0,3438.0,1767.0,27,041,2015
4354.0,474.0,295.0,27,069,2015
27383.0,2482.0,1279.0,27,079,2015
52311.0,2889.0,1500.0,27,025,2015
15443.0,1825.0,925.0,27,127,2015
24137.0,3548.0,1871.0,27,153,2015
43119.0,8118.0,4293.0,27,007,2015
18546.0,2031.0,1018.0,27,055,2015
6873.0,561.0,311.0,27,073,2015
56451.0,5635.0,3186.0,27,111,2015
17849.0,1544.0,792.0,27,161,2015
335395.0,25925.0,13913.0,27,003,2015
145280.0,19570.0,10295.0,27,145,2015
5636.0,524.0,317.0,27,081,2015
9314.0,734.0,448.0,27,089,2015
25235.0,3080.0,1698.0,27,095,2015
243064.0,13109.0,7279.0,27,163,2015
34410.0,4727.0,2225.0,27,017,2015
15824.0,2242.0,1231.0,27,065,2015
22630.0,2116.0,1208.0,27,093,2016
13884.0,1211.0,663.0,27,113,2016
57036.0,6678.0,4003.0,27,131,2016
6288.0,577.0,362.0,27,167,2016
4010.0,418.0,234.0,27,125,2016
57332.0,6827.0,3718.0,27,027,2016
13718.0,1728.0,1001.0,27,043,2016
20488.0,2476.0,1374.0,27,045,2016
10496.0,1255.0,607.0,27,075,2016
30389.0,3950.0,2040.0,27,119,2016
15365.0,1286.0,655.0,27,135,2016
14757.0,1442.0,806.0,27,143,2016
10855.0,1272.0,837.0,27,165,2016
32847.0,4209.0,2425.0,27,005,2016
4958.0,562.0,343.0,27,011,2016
24128.0,1925.0,979.0,27,015,2016
28161.0,4468.0,2411.0,27,021,2016
45549.0,4980.0,2617.0,27,049,2016
20464.0,2363.0,1352.0,27,057,2016
9996.0,895.0,453.0,27,063,2016
19881.0,2308.0,1442.0,27,091,2016
21312.0,3004.0,1701.0,27,105,2016
27297.0,3737.0,1905.0,27,115,2016
88936.0,6382.0,3558.0,27,141,2016
13430.0,2081.0,1197.0,27,159,2016
38792.0,5220.0,3013.0,27,009,2016
96212.0,3957.0,2235.0,27,019,2016
30218.0,3383.0,2033.0,27,047,2016
44263.0,5886.0,3158.0,27,061,2016
35461.0,2885.0,1640.0,27,085,2016
10755.0,1026.0,612.0,27,121,2016
517710.0,82252.0,44481.0,27,123,2016
9391.0,1637.0,864.0,27,149,2016
9341.0,1155.0,750.0,27,151,2016
47016.0,6539.0,3329.0,27,169,2016
11264.0,1802.0,970.0,27,033,2016
137786.0,7905.0,4636.0,27,139,2016
20228.0,1341.0,750.0,27,039,2016
21125.0,1399.0,809.0,27,157,2016
9072.0,1155.0,674.0,27,117,2016
62503.0,6531.0,3561.0,27,035,2016
6491.0,761.0,433.0,27,107,2016
128708.0,7150.0,4001.0,27,171,2016
30865.0,3655.0,1796.0,27,103,2016
36269.0,3141.0,1584.0,27,041,2016
5877.0,676.0,422.0,27,051,2016
27367.0,2339.0,1231.0,27,079,2016
52467.0,3137.0,1720.0,27,025,2016
15245.0,1767.0,904.0,27,127,2016
24053.0,3253.0,1744.0,27,153,2016
43159.0,8247.0,4248.0,27,007,2016
18517.0,1910.0,1024.0,27,055,2016
6783.0,574.0,344.0,27,073,2016
56734.0,5497.0,3004.0,27,111,2016
17757.0,1387.0,721.0,27,161,2016
337908.0,24864.0,13538.0,27,003,2016
146377.0,19983.0,10486.0,27,145,2016
5620.0,652.0,384.0,27,081,2016
24497.0,3396.0,1978.0,27,083,2016
25218.0,2970.0,1747.0,27,095,2016
244976.0,12496.0,7260.0,27,163,2016
34478.0,4507.0,2118.0,27,017,2016
15741.0,2130.0,1135.0,27,065,2016
12641.0,2139.0,1141.0,27,071,2016
32418.0,3801.0,2174.0,27,097,2016
35963.0,3396.0,2130.0,27,147,2016
15467.0,1978.0,1012.0,27,001,2016
8303.0,761.0,446.0,27,101,2016
41813.0,4732.0,2694.0,27,067,2016
9337.0,998.0,582.0,27,133,2016
3305.0,305.0,187.0,27,155,2016
1186944.0,141453.0,75195.0,27,053,2016
11875.0,1285.0,796.0,27,023,2016
8591.0,1435.0,754.0,27,029,2016
37939.0,2732.0,1353.0,27,059,2016
38712.0,5403.0,2859.0,27,099,2016
147717.0,13635.0,7699.0,27,109,2016
4302.0,481.0,303.0,27,069,2016
5396.0,1209.0,629.0,27,087,2016
9838.0,1115.0,589.0,27,173,2016
62015.0,11323.0,5885.0,27,013,2016
3842.0,312.0,188.0,27,077,2016
192381.0,29875.0,15866.0,27,137,2016
408652.0,29265.0,16125.0,27,037,2016
9318.0,698.0,396.0,27,089,2016
14628.0,1533.0,917.0,27,129,2016
5171.0,617.0,348.0,27,031,2016
89781.0,5746.0,3253.0,27,141,2017
13224.0,1977.0,1027.0,27,159,2017
38663.0,5445.0,3239.0,27,009,2017
97846.0,3934.0,2206.0,27,019,2017
30052.0,3536.0,2062.0,27,047,2017
44131.0,5553.0,2994.0,27,061,2017
35373.0,2964.0,1730.0,27,085,2017
10720.0,847.0,519.0,27,121,2017
523995.0,78410.0,42537.0,27,123,2017
9432.0,1454.0,823.0,27,149,2017
9308.0,1131.0,749.0,27,151,2017
47116.0,6849.0,3517.0,27,169,2017
11157.0,1744.0,912.0,27,033,2017
139814.0,7872.0,4649.0,27,139,2017
20343.0,1160.0,654.0,27,039,2017
21290.0,1293.0,732.0,27,157,2017
9042.0,1069.0,638.0,27,117,2017
62638.0,6043.0,3406.0,27,035,2017
6425.0,770.0,441.0,27,107,2017
129918.0,6551.0,3665.0,27,171,2017
31085.0,3514.0,1777.0,27,103,2017
36326.0,3063.0,1533.0,27,041,2017
5852.0,623.0,389.0,27,051,2017
4242.0,473.0,318.0,27,069,2017
27540.0,2433.0,1274.0,27,079,2017
5382.0,1220.0,631.0,27,087,2017
52740.0,2871.0,1572.0,27,025,2017
15083.0,1778.0,851.0,27,127,2017
9730.0,1215.0,654.0,27,173,2017
24126.0,3126.0,1636.0,27,153,2017
43260.0,8203.0,4227.0,27,007,2017
62381.0,11321.0,5992.0,27,013,2017
18427.0,1631.0,910.0,27,055,2017
6719.0,628.0,379.0,27,073,2017
3784.0,280.0,174.0,27,077,2017
56776.0,5350.0,2882.0,27,111,2017
17620.0,1614.0,866.0,27,161,2017
192322.0,29574.0,15520.0,27,137,2017
341535.0,22428.0,12462.0,27,003,2017
148016.0,19321.0,10072.0,27,145,2017
411985.0,28284.0,15608.0,27,037,2017
5546.0,630.0,365.0,27,081,2017
24582.0,3374.0,1951.0,27,083,2017
9325.0,724.0,405.0,27,089,2017
25044.0,2869.0,1700.0,27,095,2017
14434.0,1589.0,927.0,27,129,2017
247183.0,12251.0,7134.0,27,163,2017
34214.0,4123.0,1800.0,27,017,2017
5230.0,679.0,399.0,27,031,2017
15731.0,1820.0,983.0,27,065,2017
12465.0,2136.0,1112.0,27,071,2017
22666.0,1885.0,1099.0,27,093,2017
32438.0,3711.0,2200.0,27,097,2017
13933.0,1440.0,894.0,27,113,2017
57203.0,6550.0,3912.0,27,131,2017
36035.0,3583.0,2126.0,27,147,2017
6208.0,614.0,411.0,27,167,2017
3990.0,377.0,208.0,27,125,2017
15602.0,1895.0,1005.0,27,001,2017
58044.0,7236.0,3974.0,27,027,2017
13569.0,1556.0,871.0,27,043,2017
8245.0,678.0,401.0,27,101,2017
20417.0,2309.0,1273.0,27,045,2017
41810.0,4732.0,2575.0,27,067,2017
10333.0,960.0,458.0,27,075,2017
30422.0,3763.0,2002.0,27,119,2017
9192.0,1011.0,584.0,27,133,2017
15267.0,1411.0,700.0,27,135,2017
14726.0,1259.0,689.0,27,143,2017
3268.0,355.0,201.0,27,155,2017
10796.0,1321.0,719.0,27,165,2017
33013.0,4191.0,2531.0,27,005,2017
1201969.0,138478.0,73824.0,27,053,2017
4909.0,574.0,351.0,27,011,2017
24043.0,1944.0,1097.0,27,015,2017
11798.0,1307.0,746.0,27,023,2017
28312.0,4339.0,2402.0,27,021,2017
8639.0,1549.0,815.0,27,029,2017
45230.0,4870.0,2593.0,27,049,2017
20537.0,2216.0,1248.0,27,057,2017
38061.0,2710.0,1403.0,27,059,2017
9935.0,765.0,375.0,27,063,2017
19773.0,2234.0,1337.0,27,091,2017
38748.0,5050.0,2753.0,27,099,2017
21427.0,3379.0,1964.0,27,105,2017
27253.0,3720.0,1906.0,27,115,2017
149446.0,13530.0,7410.0,27,109,2017
22645.0,1721.0,962.0,27,093,2018
57628.0,6169.0,3637.0,27,131,2018
3974.0,389.0,192.0,27,125,2018
58990.0,6828.0,3710.0,27,027,2018
20446.0,2245.0,1237.0,27,045,2018
30473.0,3841.0,2169.0,27,119,2018
14765.0,1051.0,594.0,27,143,2018
10835.0,1376.0,793.0,27,165,2018
4879.0,557.0,333.0,27,011,2018
28543.0,4154.0,2254.0,27,021,2018
20635.0,2256.0,1280.0,27,057,2018
19648.0,2614.0,1458.0,27,091,2018
21411.0,3061.0,1763.0,27,105,2018
91074.0,6450.0,3569.0,27,141,2018
99482.0,3941.0,2262.0,27,019,2018
35438.0,3138.0,1835.0,27,085,2018
527749.0,77330.0,42287.0,27,123,2018
47133.0,6818.0,3560.0,27,169,2018
20425.0,1127.0,602.0,27,039,2018
62926.0,6622.0,3870.0,27,035,2018
131282.0,5850.0,3283.0,27,171,2018
36685.0,3041.0,1557.0,27,041,2018
5867.0,610.0,390.0,27,051,2018
4186.0,443.0,277.0,27,069,2018
27718.0,2431.0,1328.0,27,079,2018
5375.0,1122.0,604.0,27,087,2018
53177.0,2979.0,1645.0,27,025,2018
14969.0,1709.0,823.0,27,127,2018
9653.0,1297.0,702.0,27,173,2018
24108.0,3214.0,1695.0,27,153,2018
43642.0,8054.0,4314.0,27,007,2018
62924.0,11382.0,6142.0,27,013,2018
18380.0,1404.0,881.0,27,055,2018
6643.0,566.0,342.0,27,073,2018
3754.0,347.0,194.0,27,077,2018
56976.0,5250.0,2829.0,27,111,2018
17670.0,1627.0,906.0,27,161,2018
192176.0,28922.0,15262.0,27,137,2018
344170.0,20963.0,11829.0,27,003,2018
149649.0,19532.0,10362.0,27,145,2018
415650.0,26494.0,14834.0,27,037,2018
24594.0,3348.0,1981.0,27,083,2018
25147.0,3042.0,1849.0,27,095,2018
14338.0,1493.0,860.0,27,129,2018
34179.0,4118.0,1812.0,27,017,2018
5270.0,683.0,416.0,27,031,2018
12377.0,2029.0,1097.0,27,071,2018
32529.0,3561.0,2151.0,27,097,2018
13942.0,1370.0,846.0,27,113,2018
36162.0,3646.0,2145.0,27,147,2018
6179.0,576.0,444.0,27,167,2018
15596.0,2021.0,1112.0,27,001,2018
13499.0,1569.0,870.0,27,043,2018
8213.0,607.0,358.0,27,101,2018
41865.0,4413.0,2404.0,27,067,2018
10329.0,881.0,432.0,27,075,2018
9177.0,894.0,538.0,27,133,2018
15172.0,1481.0,723.0,27,135,2018
3250.0,356.0,196.0,27,155,2018
33208.0,4090.0,2358.0,27,005,2018
1212940.0,133772.0,71903.0,27,053,2018
24071.0,1878.0,1011.0,27,015,2018
11765.0,1170.0,715.0,27,023,2018
8619.0,1461.0,739.0,27,029,2018
45340.0,4483.0,2306.0,27,049,2018
38495.0,2745.0,1430.0,27,059,2018
9858.0,768.0,339.0,27,063,2018
38893.0,4987.0,2563.0,27,099,2018
27304.0,3433.0,1721.0,27,115,2018
150916.0,13490.0,7633.0,27,109,2018
13248.0,2023.0,1079.0,27,159,2018
39054.0,4927.0,2861.0,27,009,2018
29943.0,3667.0,2184.0,27,047,2018
5528.0,573.0,324.0,27,081,2018
9302.0,702.0,390.0,27,089,2018
249469.0,11666.0,6853.0,27,163,2018
15744.0,1690.0,858.0,27,065,2018
44164.0,5856.0,3127.0,27,061,2018
10765.0,784.0,420.0,27,121,2018
9462.0,1486.0,687.0,27,149,2018
9271.0,1223.0,785.0,27,151,2018
11112.0,1386.0,765.0,27,033,2018
141479.0,8218.0,4856.0,27,139,2018
21286.0,1267.0,657.0,27,157,2018
9004.0,1020.0,589.0,27,117,2018
6393.0,661.0,375.0,27,107,2018
31430.0,3003.0,1456.0,27,103,2018
22689.0,1524.0,799.0,27,093,2019
57898.0,5301.0,3064.0,27,131,2019
3980.0,416.0,214.0,27,125,2019
59791.0,7329.0,3941.0,27,027,2019
20493.0,2201.0,1148.0,27,045,2019
30434.0,3579.0,1914.0,27,119,2019
14742.0,1170.0,721.0,27,143,2019
10836.0,1451.0,846.0,27,165,2019
4853.0,491.0,298.0,27,011,2019
28833.0,3909.0,2080.0,27,021,2019
20740.0,2452.0,1381.0,27,057,2019
19550.0,2685.0,1567.0,27,091,2019
21315.0,2889.0,1729.0,27,105,2019
92076.0,5912.0,3455.0,27,141,2019
100951.0,4126.0,2465.0,27,019,2019
35455.0,3018.0,1790.0,27,085,2019
530642.0,74112.0,40191.0,27,123,2019
47085.0,6074.0,3225.0,27,169,2019
20505.0,1053.0,564.0,27,039,2019
63225.0,6810.0,4124.0,27,035,2019
132905.0,6122.0,3473.0,27,171,2019
5498.0,598.0,342.0,27,081,2019
25281.0,3127.0,1836.0,27,095,2019
34105.0,3851.0,1655.0,27,017,2019
15807.0,1578.0,771.0,27,065,2019
12237.0,1665.0,941.0,27,071,2019
32589.0,3317.0,1980.0,27,097,2019
13961.0,1535.0,902.0,27,113,2019
36180.0,3236.0,1825.0,27,147,2019
6147.0,564.0,360.0,27,167,2019
15592.0,1896.0,1030.0,27,001,2019
13425.0,1543.0,872.0,27,043,2019
8140.0,580.0,339.0,27,101,2019
41941.0,4409.0,2329.0,27,067,2019
10356.0,902.0,444.0,27,075,2019
9144.0,824.0,473.0,27,133,2019
15060.0,1219.0,608.0,27,135,2019
3225.0,319.0,178.0,27,155,2019
33430.0,3678.0,2025.0,27,005,2019
1223987.0,127872.0,68732.0,27,053,2019
24075.0,1670.0,876.0,27,015,2019
11724.0,1095.0,672.0,27,023,2019
8619.0,1260.0,630.0,27,029,2019
45342.0,4230.0,2299.0,27,049,2019
38942.0,2850.0,1623.0,27,059,2019
9766.0,768.0,347.0,27,063,2019
39053.0,5277.0,2718.0,27,099,2019
27418.0,3027.0,1515.0,27,115,2019
152624.0,12864.0,7358.0,27,109,2019
13304.0,1907.0,964.0,27,159,2019
39449.0,4071.0,2465.0,27,009,2019
29923.0,3295.0,1921.0,27,047,2019
44098.0,5376.0,2898.0,27,061,2019
10854.0,779.0,381.0,27,121,2019
9491.0,1178.0,699.0,27,149,2019
9228.0,1155.0,703.0,27,151,2019
11065.0,1214.0,618.0,27,033,2019
143352.0,7896.0,4826.0,27,139,2019
21322.0,1651.0,805.0,27,157,2019
9034.0,1056.0,612.0,27,117,2019
6351.0,562.0,320.0,27,107,2019
31585.0,3117.0,1558.0,27,103,2019
37037.0,2814.0,1526.0,27,041,2019
5868.0,566.0,370.0,27,051,2019
4151.0,466.0,301.0,27,069,2019
27986.0,2389.0,1365.0,27,079,2019
5391.0,1254.0,657.0,27,087,2019
53761.0,3210.0,1826.0,27,025,2019
14900.0,1508.0,733.0,27,127,2019
9592.0,1130.0,616.0,27,173,2019
24186.0,2871.0,1503.0,27,153,2019
43962.0,8306.0,4395.0,27,007,2019
63316.0,11148.0,6088.0,27,013,2019
18378.0,1451.0,946.0,27,055,2019
6576.0,547.0,341.0,27,073,2019
3713.0,399.0,246.0,27,077,2019
57190.0,5328.0,2923.0,27,111,2019
17693.0,1718.0,1013.0,27,161,2019
191809.0,26991.0,14074.0,27,137,2019
346853.0,20427.0,11803.0,27,003,2019
151561.0,19552.0,10566.0,27,145,2019
418832.0,25333.0,14050.0,27,037,2019
24560.0,3473.0,1990.0,27,083,2019
9265.0,637.0,350.0,27,089,2019
14231.0,1420.0,775.0,27,129,2019
252232.0,10822.0,6383.0,27,163,2019
5322.0,670.0,367.0,27,031,2019
350280.0,20270.0,11635.0,27,003,2020
33659.0,3588.0,2027.0,27,005,2020
44567.0,8167.0,4336.0,27,007,2020
39663.0,3357.0,1974.0,27,009,2020
4827.0,596.0,367.0,27,011,2020
63892.0,10510.0,5996.0,27,013,2020
23999.0,1687.0,899.0,27,015,2020
33937.0,3677.0,1670.0,27,017,2020
102421.0,3476.0,2160.0,27,019,2020
29049.0,3775.0,2024.0,27,021,2020
11645.0,1138.0,636.0,27,023,2020
54299.0,3490.0,1840.0,27,025,2020
10771.0,1366.0,798.0,27,165,2020
13333.0,1949.0,932.0,27,159,2020
60448.0,7835.0,4399.0,27,027,2020
8708.0,1239.0,622.0,27,029,2020
5356.0,543.0,302.0,27,031,2020
11080.0,1295.0,731.0,27,033,2020
63741.0,6359.0,3776.0,27,035,2020
422344.0,24475.0,13711.0,27,037,2020
20631.0,982.0,572.0,27,039,2020
37326.0,2931.0,1642.0,27,041,2020
13342.0,1453.0,850.0,27,043,2020
20571.0,1923.0,990.0,27,045,2020
45423.0,3899.0,2021.0,27,049,2020
5875.0,556.0,355.0,27,051,2020
18419.0,1393.0,900.0,27,055,2020
20957.0,2379.0,1198.0,27,057,2020
43961.0,5415.0,2885.0,27,061,2020
15881.0,1505.0,735.0,27,065,2020
41933.0,4321.0,2613.0,27,067,2020
12076.0,1463.0,808.0,27,071,2020
6508.0,589.0,355.0,27,073,2020
3701.0,363.0,240.0,27,077,2020
28169.0,2268.0,1367.0,27,079,2020
24546.0,3165.0,1969.0,27,083,2020
35413.0,2527.0,1493.0,27,085,2020
9220.0,634.0,324.0,27,089,2020
19507.0,2524.0,1449.0,27,091,2020
25381.0,2811.0,1723.0,27,095,2020
32626.0,3359.0,1967.0,27,097,2020
8082.0,572.0,338.0,27,101,2020
31810.0,2699.0,1416.0,27,103,2020
6264.0,590.0,327.0,27,107,2020
153761.0,12377.0,7098.0,27,109,2020
13899.0,1466.0,774.0,27,113,2020
27453.0,2914.0,1491.0,27,115,2020
30322.0,3563.0,2116.0,27,119,2020
10908.0,915.0,495.0,27,121,2020
3987.0,427.0,217.0,27,125,2020
14822.0,1386.0,672.0,27,127,2020
58313.0,5907.0,3483.0,27,131,2020
9135.0,868.0,512.0,27,133,2020
191447.0,26357.0,13587.0,27,137,2020
145243.0,7700.0,4333.0,27,139,2020
14733.0,1110.0,658.0,27,143,2020
153067.0,18463.0,9881.0,27,145,2020
9487.0,1184.0,701.0,27,149,2020
9205.0,1034.0,579.0,27,151,2020
3197.0,282.0,153.0,27,155,2020
21339.0,1623.0,813.0,27,157,2020
17709.0,1418.0,873.0,27,161,2020
255400.0,11134.0,6232.0,27,163,2020
6142.0,633.0,348.0,27,167,2020
47140.0,6268.0,3321.0,27,169,2020
135007.0,6841.0,3812.0,27,171,2020
9612.0,881.0,497.0,27,173,2020
15609.0,1912.0,1096.0,27,001,2020
29888.0,2916.0,1559.0,27,047,2020
1234027.0,125264.0,67490.0,27,053,2020
39663.0,2989.0,1666.0,27,059,2020
9694.0,731.0,372.0,27,063,2020
4119.0,490.0,318.0,27,069,2020
10368.0,829.0,428.0,27,075,2020
5467.0,615.0,336.0,27,081,2020
5372.0,1130.0,562.0,27,087,2020
22769.0,1541.0,770.0,27,093,2020
39103.0,5277.0,2890.0,27,099,2020
21247.0,2575.0,1505.0,27,105,2020
57389.0,5018.0,2792.0,27,111,2020
9004.0,925.0,531.0,27,117,2020
532911.0,71487.0,38754.0,27,123,2020
14161.0,1373.0,776.0,27,129,2020
14978.0,1133.0,609.0,27,135,2020
93831.0,4953.0,2923.0,27,141,2020
36192.0,2887.0,1538.0,27,147,2020
24195.0,3276.0,1660.0,27,153,2020
15542.0,1804.0,1035.0,27,001,2021
357436.0,21009.0,11676.0,27,003,2021
34342.0,3752.0,2090.0,27,005,2021
43999.0,7406.0,3825.0,27,007,2021
40380.0,3816.0,2155.0,27,009,2021
5020.0,636.0,364.0,27,011,2021
65213.0,10657.0,5991.0,27,013,2021
24822.0,1983.0,1135.0,27,015,2021
34205.0,4043.0,1889.0,27,017,2021
104619.0,3973.0,2498.0,27,019,2021
29492.0,3686.0,1912.0,27,021,2021
12295.0,1384.0,801.0,27,023,2021
54823.0,3618.0,1933.0,27,025,2021
61584.0,8654.0,4597.0,27,027,2021
8386.0,1084.0,535.0,27,029,2021
5525.0,505.0,280.0,27,031,2021
11315.0,1295.0,784.0,27,033,2021
64935.0,6612.0,3870.0,27,035,2021
432943.0,23646.0,13491.0,27,037,2021
20609.0,1006.0,523.0,27,039,2021
38271.0,3118.0,1818.0,27,041,2021
13628.0,1576.0,910.0,27,043,2021
20731.0,1896.0,936.0,27,045,2021
30356.0,3200.0,1652.0,27,047,2021
46604.0,4055.0,2183.0,27,049,2021
5943.0,470.0,278.0,27,051,2021
1249220.0,123469.0,66986.0,27,053,2021
18554.0,1290.0,768.0,27,055,2021
20872.0,2287.0,1106.0,27,057,2021
40246.0,3550.0,2001.0,27,059,2021
43870.0,4869.0,2691.0,27,061,2021
9849.0,947.0,470.0,27,063,2021
15721.0,1530.0,750.0,27,065,2021
42531.0,4665.0,2787.0,27,067,2021
4073.0,415.0,269.0,27,069,2021
11934.0,1356.0,781.0,27,071,2021
6605.0,603.0,352.0,27,073,2021
10655.0,818.0,449.0,27,075,2021
3714.0,467.0,359.0,27,077,2021
28318.0,2231.0,1326.0,27,079,2021
5485.0,526.0,262.0,27,081,2021
24424.0,2999.0,1864.0,27,083,2021
36286.0,2635.0,1565.0,27,085,2021
5288.0,1114.0,581.0,27,087,2021
8929.0,672.0,315.0,27,089,2021
19850.0,2322.0,1269.0,27,091,2021
22911.0,1768.0,882.0,27,093,2021
25812.0,2836.0,1610.0,27,095,2021
33392.0,3335.0,1897.0,27,097,2021
39161.0,4966.0,2636.0,27,099,2021
8090.0,507.0,297.0,27,101,2021
31826.0,2989.0,1330.0,27,103,2021
21895.0,2581.0,1525.0,27,105,2021
6316.0,651.0,352.0,27,107,2021
158267.0,12043.0,6832.0,27,109,2021
58744.0,5196.0,2869.0,27,111,2021
13866.0,1423.0,743.0,27,113,2021
27328.0,2882.0,1409.0,27,115,2021
9218.0,1057.0,658.0,27,117,2021
30199.0,3599.0,2115.0,27,119,2021
11014.0,883.0,406.0,27,121,2021
536204.0,70990.0,38305.0,27,123,2021
3905.0,395.0,172.0,27,125,2021
15127.0,1490.0,727.0,27,127,2021
14423.0,1403.0,790.0,27,129,2021
58615.0,5992.0,3446.0,27,131,2021
9440.0,872.0,479.0,27,133,2021
15044.0,1259.0,667.0,27,135,2021
192339.0,26095.0,13654.0,27,137,2021
147688.0,6851.0,3785.0,27,139,2021
94130.0,4722.0,2891.0,27,141,2021
14821.0,1179.0,685.0,27,143,2021
151152.0,19335.0,10720.0,27,145,2021
36863.0,3155.0,1654.0,27,147,2021
9401.0,1278.0,735.0,27,149,2021
9683.0,1184.0,569.0,27,151,2021
24740.0,3393.0,1774.0,27,153,2021
3283.0,270.0,153.0,27,155,2021
21212.0,1503.0,761.0,27,157,2021
13634.0,1850.0,799.0,27,159,2021
18037.0,1456.0,884.0,27,161,2021
261262.0,11010.0,5907.0,27,163,2021
11105.0,1447.0,839.0,27,165,2021
6391.0,865.0,564.0,27,167,2021
46459.0,6245.0,3143.0,27,169,2021
138525.0,6767.0,3865.0,27,171,2021
9469.0,941.0,514.0,27,173,2021
