,Year,County,County Type,Sample Population,Poverty Population,Poverty Rate,Male Poverty Rate,Female Poverty Rate,Child Poverty Rate,Senior Poverty Rate
0,2010,Aitkin,Rural,16129.0,2185.0,13.55,6.13,7.42,4.11,3.52
1,2010,Anoka,Urban,323359.0,20730.0,6.41,2.78,3.63,2.17,1.03
2,2010,Becker,Rural,31644.0,3554.0,11.23,4.88,6.35,3.92,2.77
3,2010,Beltrami,Rural,42043.0,8383.0,19.94,9.17,10.77,7.27,2.12
4,2010,Benton,Urban,37411.0,4428.0,11.84,4.97,6.87,3.75,1.47
5,2010,Big Stone,Rural,5320.0,500.0,9.4,3.97,5.43,2.29,3.36
6,2010,Blue Earth,Rural,59729.0,11331.0,18.97,8.9,10.07,2.83,1.71
7,2010,Brown,Rural,24833.0,2434.0,9.8,4.34,5.46,3.42,2.84
8,2010,Carlton,Urban,33658.0,3520.0,10.46,4.91,5.55,3.3,2.06
9,2010,Carver,Urban,88071.0,4172.0,4.74,1.89,2.84,1.78,0.77
10,2010,Cass,Rural,28338.0,3707.0,13.08,6.04,7.04,3.93,2.78
11,2010,Chippewa,Rural,12171.0,1143.0,9.39,3.61,5.78,2.37,3.03
12,2010,Chisago,Urban,50585.0,3594.0,7.1,2.76,4.34,2.53,1.35
13,2010,Clay,Urban,53020.0,6358.0,11.99,5.15,6.84,3.13,1.42
14,2010,Clearwater,Rural,8341.0,1296.0,15.54,6.67,8.87,5.26,3.62
15,2010,Cook,Rural,5203.0,463.0,8.9,5.25,3.65,1.65,1.23
16,2010,Cottonwood,Rural,11609.0,1263.0,10.88,4.33,6.55,3.44,2.7
17,2010,Crow Wing,Rural,61064.0,7008.0,11.48,5.3,6.17,3.12,2.59
18,2010,Dakota,Urban,391308.0,21768.0,5.56,2.58,2.99,1.77,0.84
19,2010,Dodge,Urban,19682.0,1204.0,6.12,2.67,3.45,2.2,1.77
20,2010,Douglas,Rural,35366.0,3800.0,10.74,5.26,5.49,2.29,2.32
21,2010,Faribault,Rural,14484.0,1581.0,10.92,4.23,6.68,3.51,3.45
22,2010,Fillmore,Rural,20344.0,2497.0,12.27,5.82,6.45,3.97,3.15
23,2010,Freeborn,Rural,30658.0,3052.0,9.95,4.08,5.87,2.83,2.63
24,2010,Goodhue,Rural,45357.0,3724.0,8.21,4.08,4.13,2.63,2.04
25,2010,Grant,Rural,5931.0,712.0,12.0,5.88,6.12,3.25,4.25
26,2010,Hennepin,Urban,1114933.0,134363.0,12.05,5.56,6.49,3.85,1.61
27,2010,Houston,Urban,18893.0,1732.0,9.17,4.06,5.11,3.11,2.66
28,2010,Hubbard,Rural,20020.0,2346.0,11.72,5.65,6.06,3.87,2.55
29,2010,Isanti,Urban,37138.0,3298.0,8.88,4.53,4.35,3.08,1.27
30,2010,Itasca,Rural,43690.0,5166.0,11.82,5.95,5.88,3.2,2.5
31,2010,Jackson,Rural,10253.0,933.0,9.1,3.42,5.68,1.97,2.95
32,2010,Kanabec,Rural,16334.0,2036.0,12.46,5.57,6.9,4.03,2.83
33,2010,Kandiyohi,Rural,40693.0,4920.0,12.09,5.39,6.7,4.43,1.69
34,2010,Kittson,Rural,4453.0,284.0,6.38,3.05,3.32,0.85,3.57
35,2010,Koochiching,Rural,13416.0,1664.0,12.4,5.72,6.69,3.34,3.61
36,2010,Lac qui Parle,Rural,7071.0,661.0,9.35,3.89,5.46,2.69,2.69
37,2010,Lake,Rural,10793.0,1252.0,11.6,5.34,6.26,2.43,2.35
38,2010,Lake of the Woods,Rural,4137.0,565.0,13.66,6.53,7.13,5.61,1.81
39,2010,Le Sueur,Rural,27351.0,2230.0,8.15,3.21,4.94,2.78,1.57
40,2010,Lincoln,Rural,5906.0,545.0,9.23,3.06,6.16,2.25,3.79
41,2010,Lyon,Rural,24273.0,2950.0,12.15,5.4,6.76,2.89,2.08
42,2010,McLeod,Rural,36094.0,2390.0,6.62,2.77,3.85,2.13,1.53
43,2010,Mahnomen,Rural,5254.0,1240.0,23.6,11.91,11.69,10.72,2.91
44,2010,Marshall,Rural,9445.0,793.0,8.4,3.76,4.64,2.48,2.88
45,2010,Martin,Rural,20621.0,1850.0,8.97,3.93,5.04,2.4,3.13
46,2010,Meeker,Rural,22933.0,1983.0,8.65,3.85,4.8,2.89,1.8
47,2010,Mille Lacs,Rural,24938.0,3088.0,12.38,4.98,7.4,3.73,2.9
48,2010,Morrison,Rural,32664.0,4264.0,13.05,5.75,7.3,3.93,3.79
49,2010,Mower,Rural,38332.0,5467.0,14.26,6.39,7.88,4.95,2.65
50,2010,Murray,Rural,8445.0,785.0,9.3,4.37,4.93,3.29,2.69
51,2010,Nicollet,Rural,30186.0,3505.0,11.61,5.92,5.69,2.74,1.49
52,2010,Nobles,Rural,20746.0,3741.0,18.03,9.78,8.26,6.22,3.08
53,2010,Norman,Rural,6732.0,805.0,11.96,5.15,6.8,3.8,3.36
54,2010,Olmsted,Urban,138904.0,11686.0,8.41,3.91,4.5,2.82,1.25
55,2010,Otter Tail,Rural,56491.0,7306.0,12.93,5.52,7.41,3.93,3.42
56,2010,Pennington,Rural,13803.0,1647.0,11.93,6.16,5.77,3.07,2.85
57,2010,Pine,Rural,28109.0,3930.0,13.98,6.29,7.69,4.54,2.53
58,2010,Pipestone,Rural,9538.0,946.0,9.92,3.85,6.07,3.01,3.11
59,2010,Polk,Urban,29677.0,3868.0,13.03,6.29,6.74,3.82,2.46
60,2010,Pope,Rural,10855.0,867.0,7.99,3.45,4.54,1.78,2.76
61,2010,Ramsey,Urban,488851.0,77325.0,15.82,7.19,8.63,5.86,2.01
62,2010,Red Lake,Rural,3943.0,387.0,9.81,3.98,5.83,3.88,2.28
63,2010,Redwood,Rural,15614.0,1671.0,10.7,4.73,5.97,3.51,2.8
64,2010,Renville,Rural,15748.0,1695.0,10.76,4.22,6.55,3.4,2.97
65,2010,Rice,Rural,56067.0,5851.0,10.44,4.71,5.72,3.82,1.57
66,2010,Rock,Rural,9445.0,895.0,9.48,4.04,5.43,3.48,2.67
67,2010,Roseau,Rural,15514.0,1639.0,10.56,4.44,6.12,4.32,1.8
68,2010,St. Louis,Urban,190964.0,28931.0,15.15,6.87,8.28,3.67,2.35
69,2010,Scott,Urban,125317.0,5832.0,4.65,1.91,2.75,1.74,0.7
70,2010,Sherburne,Urban,84440.0,6185.0,7.32,2.73,4.59,2.5,1.16
71,2010,Sibley,Rural,15048.0,1441.0,9.58,4.38,5.2,3.62,2.19
72,2010,Stearns,Urban,138838.0,17894.0,12.89,6.16,6.73,3.16,1.93
73,2010,Steele,Rural,36197.0,2717.0,7.51,3.28,4.22,2.45,1.7
74,2010,Stevens,Rural,8653.0,1237.0,14.3,6.92,7.37,2.21,1.25
75,2010,Swift,Rural,8959.0,811.0,9.05,3.28,5.77,2.46,2.94
76,2010,Todd,Rural,24444.0,3653.0,14.94,6.89,8.05,5.24,2.99
77,2010,Traverse,Rural,3485.0,325.0,9.33,4.33,4.99,1.92,3.01
78,2010,Wabasha,Urban,21685.0,1584.0,7.3,3.6,3.71,1.51,2.44
79,2010,Wadena,Rural,13469.0,2260.0,16.78,7.3,9.48,4.22,5.97
80,2010,Waseca,Rural,18248.0,1389.0,7.61,2.83,4.78,2.28,1.52
81,2010,Washington,Urban,230531.0,11906.0,5.16,2.3,2.86,1.69,0.96
82,2010,Watonwan,Rural,11107.0,1312.0,11.81,4.09,7.72,4.92,2.14
83,2010,Wilkin,Rural,6342.0,502.0,7.92,3.28,4.64,1.15,2.11
84,2010,Winona,Rural,47343.0,7307.0,15.43,6.25,9.19,2.39,1.99
85,2010,Wright,Urban,119692.0,6554.0,5.48,2.52,2.96,1.92,1.07
86,2010,Yellow Medicine,Rural,10381.0,1317.0,12.69,5.2,7.48,5.49,1.5
87,2011,Aitkin,Rural,16092.0,1970.0,12.24,5.35,6.89,3.5,3.62
88,2011,Anoka,Urban,325869.0,21514.0,6.6,2.99,3.61,2.16,1.08
89,2011,Becker,Rural,31879.0,3675.0,11.53,4.88,6.65,4.03,2.8
90,2011,Beltrami,Rural,42454.0,8351.0,19.67,8.9,10.77,6.83,2.13
91,2011,Benton,Urban,37679.0,5032.0,13.35,5.54,7.81,4.16,1.82
92,2011,Big Stone,Rural,5159.0,579.0,11.22,4.13,7.09,3.02,3.26
93,2011,Blue Earth,Rural,60279.0,11408.0,18.93,8.64,10.28,3.01,1.7
94,2011,Brown,Rural,24771.0,2481.0,10.02,4.55,5.47,3.16,3.16
95,2011,Carlton,Urban,33778.0,3800.0,11.25,5.41,5.84,3.43,2.21
96,2011,Carver,Urban,89215.0,4504.0,5.05,2.21,2.84,1.89,0.87
97,2011,Cass,Rural,28342.0,4283.0,15.11,7.05,8.07,4.95,3.04
98,2011,Chippewa,Rural,12155.0,1313.0,10.8,4.11,6.69,3.21,3.14
99,2011,Chisago,Urban,51622.0,3645.0,7.06,3.11,3.95,2.29,1.37
100,2011,Clay,Urban,53987.0,7043.0,13.05,5.73,7.32,3.51,1.42
101,2011,Clearwater,Rural,8504.0,1380.0,16.23,7.26,8.97,5.5,3.96
102,2011,Cook,Rural,5153.0,470.0,9.12,3.94,5.18,2.43,1.61
103,2011,Cottonwood,Rural,11383.0,1328.0,11.67,4.28,7.39,3.41,2.76
104,2011,Crow Wing,Rural,61573.0,7536.0,12.24,5.61,6.62,3.72,2.69
105,2011,Dakota,Urban,394437.0,23770.0,6.03,2.65,3.37,2.05,0.84
106,2011,Dodge,Urban,19788.0,1279.0,6.46,2.79,3.67,2.27,1.41
107,2011,Douglas,Rural,35426.0,3881.0,10.96,5.18,5.77,2.29,2.46
108,2011,Faribault,Rural,14259.0,1687.0,11.83,4.89,6.94,3.74,3.33
109,2011,Fillmore,Rural,20419.0,2580.0,12.64,6.01,6.63,3.87,3.49
110,2011,Freeborn,Rural,30858.0,3448.0,11.17,4.54,6.63,2.86,2.81
111,2011,Goodhue,Rural,45194.0,3693.0,8.17,3.78,4.39,2.68,1.92
112,2011,Grant,Rural,5934.0,736.0,12.4,5.34,7.06,3.69,3.44
113,2011,Hennepin,Urban,1124293.0,138258.0,12.3,5.73,6.57,3.81,1.78
114,2011,Houston,Urban,18826.0,1696.0,9.01,4.24,4.76,2.84,2.59
115,2011,Hubbard,Rural,20004.0,2395.0,11.97,5.91,6.06,3.65,2.6
116,2011,Isanti,Urban,37490.0,3088.0,8.24,4.0,4.24,2.52,1.49
117,2011,Itasca,Rural,44062.0,5005.0,11.36,5.63,5.73,3.12,2.55
118,2011,Jackson,Rural,10118.0,1132.0,11.19,4.81,6.37,3.01,2.68
119,2011,Kanabec,Rural,16203.0,1951.0,12.04,5.14,6.9,3.91,2.7
120,2011,Kandiyohi,Rural,41250.0,5249.0,12.72,6.01,6.72,4.53,1.54
121,2011,Kittson,Rural,4432.0,355.0,8.01,3.9,4.11,2.05,3.52
122,2011,Koochiching,Rural,13096.0,1645.0,12.56,6.19,6.37,3.22,2.87
123,2011,Lac qui Parle,Rural,7108.0,645.0,9.07,3.84,5.23,2.43,2.84
124,2011,Lake,Rural,10585.0,1190.0,11.24,4.54,6.7,2.79,2.34
125,2011,Lake of the Woods,Rural,4063.0,644.0,15.85,8.32,7.53,5.17,3.13
126,2011,Le Sueur,Rural,27499.0,2518.0,9.16,3.93,5.23,3.15,1.88
127,2011,Lincoln,Rural,5741.0,542.0,9.44,3.4,6.04,2.04,3.73
128,2011,Lyon,Rural,24513.0,3200.0,13.05,5.45,7.61,3.59,2.03
129,2011,McLeod,Rural,36085.0,2701.0,7.49,3.31,4.17,2.22,1.65
130,2011,Mahnomen,Rural,5332.0,1410.0,26.44,13.07,13.37,11.91,3.51
131,2011,Marshall,Rural,9352.0,824.0,8.81,3.77,5.04,2.52,2.82
132,2011,Martin,Rural,20502.0,1897.0,9.25,4.05,5.2,2.38,2.99
133,2011,Meeker,Rural,22920.0,2164.0,9.44,4.28,5.16,3.34,1.82
134,2011,Mille Lacs,Rural,25446.0,3419.0,13.44,6.05,7.39,4.34,2.96
135,2011,Morrison,Rural,32760.0,4277.0,13.06,5.87,7.19,4.13,3.38
136,2011,Mower,Rural,38227.0,5836.0,15.27,7.13,8.13,5.42,2.77
137,2011,Murray,Rural,8613.0,855.0,9.93,4.59,5.34,3.4,3.31
138,2011,Nicollet,Rural,30213.0,3402.0,11.26,5.44,5.82,2.82,1.2
139,2011,Nobles,Rural,20851.0,4061.0,19.48,10.17,9.31,7.34,3.01
140,2011,Norman,Rural,6690.0,850.0,12.71,6.13,6.58,4.25,3.33
141,2011,Olmsted,Urban,140610.0,11416.0,8.12,3.73,4.39,2.48,1.2
142,2011,Otter Tail,Rural,56122.0,7230.0,12.88,5.43,7.45,3.73,3.49
143,2011,Pennington,Rural,13525.0,1493.0,11.04,5.19,5.85,2.9,2.68
144,2011,Pine,Rural,27871.0,4172.0,14.97,6.84,8.13,4.73,2.98
145,2011,Pipestone,Rural,9351.0,1053.0,11.26,4.64,6.62,3.34,3.64
146,2011,Polk,Urban,30255.0,3693.0,12.21,6.06,6.15,3.69,2.72
147,2011,Pope,Rural,10785.0,824.0,7.64,3.47,4.17,1.56,3.04
148,2011,Ramsey,Urban,492333.0,80612.0,16.37,7.47,8.91,6.04,2.17
149,2011,Red Lake,Rural,4032.0,419.0,10.39,4.22,6.18,3.15,2.98
150,2011,Redwood,Rural,15697.0,1646.0,10.49,4.61,5.87,3.31,2.76
151,2011,Renville,Rural,15519.0,1680.0,10.83,4.18,6.65,3.29,3.11
152,2011,Rice,Rural,55958.0,6054.0,10.82,4.82,6.0,4.25,1.32
153,2011,Rock,Rural,9394.0,1047.0,11.15,4.69,6.45,3.84,2.88
154,2011,Roseau,Rural,15423.0,1763.0,11.43,4.95,6.48,4.45,1.95
155,2011,St. Louis,Urban,191202.0,30638.0,16.02,7.42,8.61,3.98,2.44
156,2011,Scott,Urban,127381.0,6385.0,5.01,2.23,2.79,1.77,0.87
157,2011,Sherburne,Urban,85970.0,6867.0,7.99,3.14,4.85,2.56,1.16
158,2011,Sibley,Rural,14957.0,1804.0,12.06,5.68,6.38,4.61,2.66
159,2011,Stearns,Urban,141142.0,18052.0,12.79,5.89,6.9,3.03,1.9
160,2011,Steele,Rural,35951.0,3169.0,8.81,3.84,4.98,3.01,1.81
161,2011,Stevens,Rural,8880.0,1267.0,14.27,6.93,7.34,2.09,1.49
162,2011,Swift,Rural,9011.0,826.0,9.17,3.37,5.79,2.18,2.86
163,2011,Todd,Rural,24496.0,3798.0,15.5,7.11,8.4,5.61,3.14
164,2011,Traverse,Rural,3498.0,287.0,8.2,3.97,4.23,1.74,2.86
165,2011,Wabasha,Urban,21410.0,1633.0,7.63,3.9,3.73,1.84,2.2
166,2011,Wadena,Rural,13573.0,2444.0,18.01,7.57,10.44,5.27,5.39
167,2011,Waseca,Rural,17994.0,1508.0,8.38,3.44,4.94,2.51,1.83
168,2011,Washington,Urban,233658.0,13303.0,5.69,2.57,3.12,1.95,1.08
169,2011,Watonwan,Rural,11016.0,1151.0,10.45,3.36,7.09,4.05,2.27
170,2011,Wilkin,Rural,6447.0,449.0,6.96,3.06,3.91,1.27,2.37
171,2011,Winona,Rural,47574.0,7601.0,15.98,6.84,9.14,2.35,1.84
172,2011,Wright,Urban,122179.0,6865.0,5.62,2.58,3.04,1.96,1.06
173,2011,Yellow Medicine,Rural,10252.0,1410.0,13.75,5.65,8.11,5.54,1.95
174,2012,Aitkin,Rural,15928.0,1999.0,12.55,5.96,6.59,3.25,4.05
175,2012,Anoka,Urban,328197.0,23324.0,7.11,3.25,3.85,2.28,1.15
176,2012,Becker,Rural,32065.0,3786.0,11.81,5.42,6.38,4.07,3.08
177,2012,Beltrami,Rural,42841.0,8855.0,20.67,9.15,11.52,7.29,2.45
178,2012,Benton,Urban,37980.0,5527.0,14.55,6.31,8.24,4.52,1.77
179,2012,Big Stone,Rural,5116.0,659.0,12.88,4.65,8.23,3.75,4.01
180,2012,Blue Earth,Rural,60723.0,11756.0,19.36,8.95,10.41,3.34,1.65
181,2012,Brown,Rural,24675.0,2221.0,9.0,4.06,4.94,2.28,3.35
182,2012,Carlton,Urban,34101.0,4072.0,11.94,5.91,6.03,3.09,2.58
183,2012,Carver,Urban,90526.0,4679.0,5.17,2.19,2.98,1.87,0.93
184,2012,Cass,Rural,28219.0,4644.0,16.46,7.95,8.51,5.37,3.16
185,2012,Chippewa,Rural,12091.0,1142.0,9.45,3.75,5.69,2.6,2.48
186,2012,Chisago,Urban,51913.0,3949.0,7.61,3.59,4.01,2.36,1.42
187,2012,Clay,Urban,54900.0,6851.0,12.48,5.51,6.97,3.06,1.48
188,2012,Clearwater,Rural,8523.0,1288.0,15.11,6.98,8.13,5.32,3.82
189,2012,Cook,Rural,5150.0,503.0,9.77,5.32,4.45,3.38,1.4
190,2012,Cottonwood,Rural,11355.0,1446.0,12.73,5.75,6.98,3.47,2.86
191,2012,Crow Wing,Rural,61841.0,8258.0,13.35,6.3,7.06,4.2,2.7
192,2012,Dakota,Urban,397374.0,25246.0,6.35,2.77,3.58,2.24,0.87
193,2012,Dodge,Urban,19902.0,1454.0,7.31,3.2,4.11,3.04,1.43
194,2012,Douglas,Rural,35473.0,3641.0,10.26,5.05,5.22,1.82,2.41
195,2012,Faribault,Rural,14091.0,1741.0,12.36,4.9,7.46,4.15,3.51
196,2012,Fillmore,Rural,20396.0,2622.0,12.86,6.31,6.55,4.14,3.22
197,2012,Freeborn,Rural,30760.0,3618.0,11.76,4.4,7.36,3.49,2.85
198,2012,Goodhue,Rural,45289.0,3934.0,8.69,3.96,4.73,2.75,2.15
199,2012,Grant,Rural,5906.0,582.0,9.85,4.03,5.82,2.88,2.95
200,2012,Hennepin,Urban,1136433.0,143141.0,12.6,5.89,6.71,3.84,1.84
201,2012,Houston,Urban,18720.0,1832.0,9.79,4.57,5.22,3.05,2.7
202,2012,Hubbard,Rural,20057.0,2427.0,12.1,6.02,6.08,3.54,2.78
203,2012,Isanti,Urban,37556.0,3041.0,8.1,4.14,3.96,2.5,1.5
204,2012,Itasca,Rural,44179.0,5518.0,12.49,6.24,6.25,3.62,2.92
205,2012,Jackson,Rural,10076.0,1154.0,11.45,5.21,6.24,4.01,2.87
206,2012,Kanabec,Rural,16102.0,2112.0,13.12,5.83,7.28,4.18,2.76
207,2012,Kandiyohi,Rural,41434.0,5362.0,12.94,6.06,6.89,4.92,1.32
208,2012,Kittson,Rural,4411.0,405.0,9.18,4.01,5.17,2.13,3.85
209,2012,Koochiching,Rural,13028.0,1564.0,12.0,5.42,6.59,2.56,3.28
210,2012,Lac qui Parle,Rural,7049.0,498.0,7.06,2.61,4.45,1.6,2.38
211,2012,Lake,Rural,10573.0,1390.0,13.15,5.9,7.24,3.9,2.43
212,2012,Lake of the Woods,Rural,4007.0,710.0,17.72,9.96,7.76,6.21,3.22
213,2012,Le Sueur,Rural,27439.0,2489.0,9.07,4.11,4.96,3.0,2.12
214,2012,Lincoln,Rural,5710.0,424.0,7.43,2.38,5.04,1.12,3.42
215,2012,Lyon,Rural,24551.0,3446.0,14.04,5.6,8.43,4.01,1.74
216,2012,McLeod,Rural,35879.0,2773.0,7.73,3.39,4.33,2.31,1.66
217,2012,Mahnomen,Rural,5371.0,1459.0,27.16,13.83,13.33,12.79,3.31
218,2012,Marshall,Rural,9301.0,731.0,7.86,2.88,4.98,1.92,2.77
219,2012,Martin,Rural,20418.0,2159.0,10.57,4.43,6.14,3.15,2.84
220,2012,Meeker,Rural,22802.0,2415.0,10.59,4.9,5.69,3.86,2.2
221,2012,Mille Lacs,Rural,25396.0,3560.0,14.02,6.32,7.7,4.39,2.69
222,2012,Morrison,Rural,32743.0,4328.0,13.22,5.97,7.24,3.92,3.5
223,2012,Mower,Rural,38363.0,6072.0,15.83,7.6,8.23,5.82,2.65
224,2012,Murray,Rural,8565.0,866.0,10.11,4.61,5.5,3.43,3.42
225,2012,Nicollet,Rural,30343.0,3336.0,10.99,5.3,5.69,2.41,1.53
226,2012,Nobles,Rural,21004.0,3604.0,17.16,9.04,8.12,5.98,2.48
227,2012,Norman,Rural,6625.0,749.0,11.31,5.65,5.66,3.55,3.31
228,2012,Olmsted,Urban,142075.0,12013.0,8.46,3.68,4.77,2.46,1.34
229,2012,Otter Tail,Rural,56128.0,6870.0,12.24,5.01,7.23,3.5,3.22
230,2012,Pennington,Rural,13601.0,1441.0,10.59,4.87,5.72,2.82,2.46
231,2012,Pine,Rural,27824.0,4110.0,14.77,6.8,7.97,4.3,3.16
232,2012,Pipestone,Rural,9308.0,944.0,10.14,3.85,6.3,2.44,3.87
233,2012,Polk,Urban,30292.0,3705.0,12.23,6.34,5.89,3.7,2.6
234,2012,Pope,Rural,10755.0,932.0,8.67,4.29,4.38,2.25,2.93
235,2012,Ramsey,Urban,496998.0,83400.0,16.78,7.72,9.06,6.08,2.17
236,2012,Red Lake,Rural,4041.0,454.0,11.23,5.1,6.14,4.01,2.82
237,2012,Redwood,Rural,15674.0,1652.0,10.54,4.69,5.85,3.34,2.77
238,2012,Renville,Rural,15308.0,1706.0,11.14,4.63,6.52,3.64,2.95
239,2012,Rice,Rural,56096.0,6163.0,10.99,4.75,6.23,4.35,1.5
240,2012,Rock,Rural,9423.0,1126.0,11.95,4.75,7.2,4.21,2.76
241,2012,Roseau,Rural,15348.0,1594.0,10.39,4.33,6.06,4.22,1.87
242,2012,St. Louis,Urban,191634.0,30852.0,16.1,7.53,8.57,3.86,2.65
243,2012,Scott,Urban,129370.0,6752.0,5.22,2.39,2.83,1.75,0.98
244,2012,Sherburne,Urban,86644.0,6907.0,7.97,3.1,4.87,2.51,1.13
245,2012,Sibley,Rural,14901.0,1897.0,12.73,5.8,6.93,5.29,2.58
246,2012,Stearns,Urban,142289.0,18030.0,12.67,5.86,6.81,2.83,1.94
247,2012,Steele,Rural,35938.0,3106.0,8.64,3.69,4.95,2.98,1.89
248,2012,Stevens,Rural,8974.0,1285.0,14.32,6.89,7.43,2.12,1.53
249,2012,Swift,Rural,9224.0,931.0,10.09,4.43,5.66,3.09,2.46
250,2012,Todd,Rural,24416.0,3873.0,15.86,7.09,8.78,5.89,3.26
251,2012,Traverse,Rural,3440.0,318.0,9.24,4.07,5.17,2.03,3.28
252,2012,Wabasha,Urban,21379.0,1662.0,7.77,3.96,3.81,2.2,2.05
253,2012,Wadena,Rural,13558.0,2497.0,18.42,7.25,11.17,6.08,5.08
254,2012,Waseca,Rural,17916.0,1581.0,8.82,4.07,4.75,2.73,2.02
255,2012,Washington,Urban,236222.0,13199.0,5.59,2.53,3.06,1.76,1.17
256,2012,Watonwan,Rural,11002.0,1284.0,11.67,3.59,8.08,4.52,2.35
257,2012,Wilkin,Rural,6413.0,449.0,7.0,3.29,3.71,1.78,1.98
258,2012,Winona,Rural,47455.0,7536.0,15.88,7.01,8.87,2.47,1.78
259,2012,Wright,Urban,123844.0,7527.0,6.08,2.81,3.27,2.21,1.07
260,2012,Yellow Medicine,Rural,10137.0,1177.0,11.61,4.94,6.67,4.28,1.71
261,2013,Aitkin,Rural,15795.0,1914.0,12.12,5.87,6.25,2.54,4.31
262,2013,Anoka,Urban,330399.0,24417.0,7.39,3.43,3.96,2.5,1.17
263,2013,Becker,Rural,32265.0,4152.0,12.87,5.68,7.18,4.36,3.12
264,2013,Beltrami,Rural,42964.0,9389.0,21.85,10.3,11.55,7.46,2.58
265,2013,Benton,Urban,38180.0,5519.0,14.46,6.35,8.11,4.26,1.81
266,2013,Big Stone,Rural,5078.0,630.0,12.41,4.31,8.09,3.96,3.82
267,2013,Blue Earth,Rural,61177.0,11749.0,19.2,9.01,10.2,3.02,1.79
268,2013,Brown,Rural,24465.0,2296.0,9.38,4.17,5.22,2.31,3.18
269,2013,Carlton,Urban,34339.0,4300.0,12.52,6.51,6.01,3.1,3.05
270,2013,Carver,Urban,91904.0,4560.0,4.96,2.17,2.79,1.62,1.05
271,2013,Cass,Rural,28123.0,4603.0,16.37,7.61,8.75,5.62,3.04
272,2013,Chippewa,Rural,12054.0,1281.0,10.63,3.83,6.79,3.31,2.37
273,2013,Chisago,Urban,52178.0,3895.0,7.46,3.57,3.9,1.9,1.46
274,2013,Clay,Urban,55560.0,6843.0,12.32,5.64,6.68,3.17,1.38
275,2013,Clearwater,Rural,8584.0,1419.0,16.53,7.55,8.98,5.93,4.32
276,2013,Cook,Rural,5144.0,427.0,8.3,4.65,3.65,2.26,1.13
277,2013,Cottonwood,Rural,11332.0,1555.0,13.72,5.97,7.76,3.1,4.84
278,2013,Crow Wing,Rural,61970.0,8018.0,12.94,6.2,6.74,3.95,2.6
279,2013,Dakota,Urban,399938.0,30326.0,7.58,3.38,4.2,2.75,1.0
280,2013,Dodge,Urban,20028.0,1480.0,7.39,3.38,4.01,2.98,1.29
281,2013,Douglas,Rural,35576.0,3855.0,10.84,5.38,5.46,2.28,2.67
282,2013,Faribault,Rural,14006.0,1789.0,12.77,4.63,8.14,4.37,3.42
283,2013,Fillmore,Rural,20406.0,2460.0,12.06,5.95,6.11,4.12,3.04
284,2013,Freeborn,Rural,30682.0,3372.0,10.99,4.05,6.94,3.02,2.81
285,2013,Goodhue,Rural,45339.0,4470.0,9.86,4.23,5.63,3.28,2.19
286,2013,Grant,Rural,5892.0,597.0,10.13,4.01,6.13,3.39,2.95
287,2013,Hennepin,Urban,1148765.0,146826.0,12.78,5.99,6.79,3.91,1.9
288,2013,Houston,Urban,18645.0,2035.0,10.91,5.36,5.55,3.6,2.62
289,2013,Hubbard,Rural,20154.0,2654.0,13.17,6.82,6.35,4.01,2.99
290,2013,Isanti,Urban,37589.0,3020.0,8.03,3.99,4.04,2.21,1.52
291,2013,Itasca,Rural,44318.0,5539.0,12.5,6.1,6.39,3.81,2.73
292,2013,Jackson,Rural,10086.0,1178.0,11.68,5.53,6.15,3.9,2.72
293,2013,Kanabec,Rural,15979.0,2161.0,13.52,6.01,7.52,4.59,2.75
294,2013,Kandiyohi,Rural,41568.0,5649.0,13.59,6.22,7.37,5.39,1.51
295,2013,Kittson,Rural,4396.0,429.0,9.76,3.84,5.91,2.59,3.55
296,2013,Koochiching,Rural,12940.0,1827.0,14.12,6.83,7.29,2.88,3.55
297,2013,Lac qui Parle,Rural,7007.0,564.0,8.05,3.13,4.92,1.96,2.5
298,2013,Lake,Rural,10562.0,1440.0,13.63,6.58,7.05,4.31,2.27
299,2013,Lake of the Woods,Rural,3955.0,311.0,7.86,4.93,2.93,0.83,3.26
300,2013,Le Sueur,Rural,27449.0,2419.0,8.81,4.16,4.66,2.73,1.92
301,2013,Lincoln,Rural,5687.0,493.0,8.67,3.02,5.64,1.76,3.78
302,2013,Lyon,Rural,24576.0,3546.0,14.43,5.91,8.52,4.5,1.57
303,2013,McLeod,Rural,35638.0,3013.0,8.45,3.96,4.5,2.97,1.61
304,2013,Mahnomen,Rural,5390.0,1412.0,26.2,13.45,12.75,11.71,4.01
305,2013,Marshall,Rural,9291.0,735.0,7.91,2.97,4.94,1.77,2.87
306,2013,Martin,Rural,20344.0,2185.0,10.74,4.36,6.39,3.47,2.96
307,2013,Meeker,Rural,22746.0,2316.0,10.18,4.52,5.67,3.33,2.71
308,2013,Mille Lacs,Rural,25321.0,3518.0,13.89,6.13,7.76,4.72,2.45
309,2013,Morrison,Rural,32684.0,4124.0,12.62,5.7,6.91,3.39,3.84
310,2013,Mower,Rural,38529.0,6267.0,16.27,7.82,8.44,6.02,2.47
311,2013,Murray,Rural,8500.0,900.0,10.59,4.58,6.01,3.4,3.8
312,2013,Nicollet,Rural,30445.0,3216.0,10.56,4.95,5.61,2.23,1.58
313,2013,Nobles,Rural,21120.0,3372.0,15.97,7.77,8.2,5.6,2.11
314,2013,Norman,Rural,6582.0,861.0,13.08,6.65,6.43,5.14,3.25
315,2013,Olmsted,Urban,143531.0,11468.0,7.99,3.57,4.42,2.05,1.36
316,2013,Otter Tail,Rural,56161.0,6577.0,11.71,4.9,6.81,3.32,3.16
317,2013,Pennington,Rural,13689.0,1494.0,10.91,4.88,6.03,2.88,3.0
318,2013,Pine,Rural,27707.0,4087.0,14.75,6.86,7.89,4.53,3.29
319,2013,Pipestone,Rural,9261.0,991.0,10.7,3.96,6.74,3.07,3.95
320,2013,Polk,Urban,30347.0,3816.0,12.57,6.35,6.22,3.7,2.7
321,2013,Pope,Rural,10740.0,993.0,9.25,4.19,5.06,2.17,3.13
322,2013,Ramsey,Urban,501548.0,84942.0,16.94,7.84,9.1,5.97,2.27
323,2013,Red Lake,Rural,4037.0,479.0,11.87,5.8,6.07,4.56,3.07
324,2013,Redwood,Rural,15639.0,1560.0,9.98,4.55,5.43,3.17,2.49
325,2013,Renville,Rural,15154.0,1759.0,11.61,4.7,6.91,4.18,2.68
326,2013,Rice,Rural,56268.0,6531.0,11.61,4.63,6.98,4.69,1.64
327,2013,Rock,Rural,9399.0,1233.0,13.12,5.17,7.95,5.11,2.36
328,2013,Roseau,Rural,15292.0,1482.0,9.69,4.2,5.49,3.68,1.59
329,2013,St. Louis,Urban,191875.0,31420.0,16.38,7.74,8.63,3.93,2.76
330,2013,Scott,Urban,131317.0,7197.0,5.48,2.45,3.03,1.78,1.0
331,2013,Sherburne,Urban,87026.0,6764.0,7.77,3.12,4.66,2.49,1.18
332,2013,Sibley,Rural,14859.0,1748.0,11.76,5.4,6.36,4.76,2.5
333,2013,Stearns,Urban,143300.0,18715.0,13.06,6.15,6.91,2.98,1.95
334,2013,Steele,Rural,35908.0,3716.0,10.35,4.12,6.22,3.81,2.25
335,2013,Stevens,Rural,9106.0,1403.0,15.41,6.97,8.43,2.01,1.32
336,2013,Swift,Rural,9446.0,923.0,9.77,4.22,5.55,2.59,2.54
337,2013,Todd,Rural,24330.0,3825.0,15.72,7.09,8.63,5.79,3.43
338,2013,Traverse,Rural,3405.0,305.0,8.96,4.32,4.64,2.47,2.7
339,2013,Wabasha,Urban,21312.0,1776.0,8.33,3.88,4.46,2.78,2.12
340,2013,Wadena,Rural,13484.0,2282.0,16.92,7.29,9.63,5.42,4.38
341,2013,Waseca,Rural,17838.0,1677.0,9.4,4.45,4.95,3.13,1.89
342,2013,Washington,Urban,238467.0,13667.0,5.73,2.51,3.22,1.92,1.05
343,2013,Watonwan,Rural,11010.0,1192.0,10.83,3.18,7.65,4.0,2.2
344,2013,Wilkin,Rural,6381.0,588.0,9.21,4.31,4.91,2.34,2.73
345,2013,Winona,Rural,47169.0,7087.0,15.02,7.25,7.77,2.19,1.89
346,2013,Wright,Urban,125208.0,8135.0,6.5,2.84,3.66,2.39,1.07
347,2013,Yellow Medicine,Rural,10078.0,1233.0,12.23,5.26,6.98,4.54,1.44
348,2014,Aitkin,Rural,15732.0,1870.0,11.89,5.57,6.32,2.31,4.54
349,2014,Anoka,Urban,332713.0,25217.0,7.58,3.61,3.97,2.61,1.23
350,2014,Becker,Rural,32431.0,4364.0,13.46,5.91,7.55,4.53,3.08
351,2014,Beltrami,Rural,43111.0,8828.0,20.48,9.49,10.99,6.67,2.45
352,2014,Benton,Urban,38343.0,5442.0,14.19,6.05,8.14,4.45,2.04
353,2014,Big Stone,Rural,5053.0,668.0,13.22,4.31,8.91,4.73,3.58
354,2014,Blue Earth,Rural,61303.0,11569.0,18.87,9.04,9.83,3.07,1.61
355,2014,Brown,Rural,24318.0,2044.0,8.41,3.68,4.72,2.06,2.74
356,2014,Carlton,Urban,34398.0,4703.0,13.67,7.09,6.58,3.78,3.15
357,2014,Carver,Urban,93315.0,4064.0,4.36,1.97,2.38,1.29,0.93
358,2014,Cass,Rural,28073.0,4781.0,17.03,7.75,9.28,5.96,3.28
359,2014,Chippewa,Rural,12008.0,1339.0,11.15,4.19,6.96,3.96,2.4
360,2014,Chisago,Urban,52301.0,3368.0,6.44,2.99,3.45,1.31,1.45
361,2014,Clay,Urban,56191.0,7224.0,12.86,5.83,7.03,3.48,1.37
362,2014,Clearwater,Rural,8611.0,1442.0,16.75,7.73,9.01,5.95,4.06
363,2014,Cook,Rural,5149.0,446.0,8.66,3.44,5.22,1.94,1.61
364,2014,Cottonwood,Rural,11362.0,1846.0,16.25,7.09,9.15,4.74,4.37
365,2014,Crow Wing,Rural,62087.0,7330.0,11.81,5.66,6.14,3.32,2.69
366,2014,Dakota,Urban,402930.0,31284.0,7.76,3.5,4.26,2.75,1.11
367,2014,Dodge,Urban,20126.0,1349.0,6.7,2.94,3.77,2.59,1.09
368,2014,Douglas,Rural,35706.0,3564.0,9.98,4.78,5.2,2.32,2.55
369,2014,Faribault,Rural,13940.0,1845.0,13.24,5.49,7.75,4.71,3.31
370,2014,Fillmore,Rural,20409.0,2327.0,11.4,5.37,6.04,3.78,3.34
371,2014,Freeborn,Rural,30561.0,3514.0,11.5,4.51,6.99,3.3,2.64
372,2014,Goodhue,Rural,45391.0,4738.0,10.44,4.86,5.58,3.51,1.99
373,2014,Grant,Rural,5896.0,585.0,9.92,4.02,5.9,3.43,2.51
374,2014,Hennepin,Urban,1162078.0,150167.0,12.92,6.03,6.9,3.93,1.98
375,2014,Houston,Urban,18586.0,2096.0,11.28,5.57,5.71,3.64,2.66
376,2014,Hubbard,Rural,20344.0,2561.0,12.59,6.33,6.26,3.96,2.81
377,2014,Isanti,Urban,37717.0,2714.0,7.2,3.53,3.67,1.83,1.69
378,2014,Itasca,Rural,44346.0,5829.0,13.14,6.39,6.76,4.26,2.7
379,2014,Jackson,Rural,10097.0,1118.0,11.07,5.52,5.56,3.63,2.42
380,2014,Kanabec,Rural,15919.0,2356.0,14.8,6.59,8.21,5.15,3.04
381,2014,Kandiyohi,Rural,41642.0,5561.0,13.35,6.22,7.13,5.23,1.53
382,2014,Kittson,Rural,4370.0,448.0,10.25,4.32,5.93,3.0,3.66
383,2014,Koochiching,Rural,12834.0,2037.0,15.87,7.53,8.34,3.66,3.86
384,2014,Lac qui Parle,Rural,6938.0,574.0,8.27,3.66,4.61,1.86,2.65
385,2014,Lake,Rural,10568.0,1430.0,13.53,6.61,6.92,4.16,2.57
386,2014,Lake of the Woods,Rural,3922.0,281.0,7.16,4.72,2.45,1.17,2.01
387,2014,Le Sueur,Rural,27412.0,2498.0,9.11,4.32,4.79,2.66,2.15
388,2014,Lincoln,Rural,5650.0,546.0,9.66,3.56,6.11,1.82,4.21
389,2014,Lyon,Rural,24577.0,3433.0,13.97,5.03,8.94,4.49,2.18
390,2014,McLeod,Rural,35599.0,2786.0,7.83,3.62,4.21,2.69,1.43
391,2014,Mahnomen,Rural,5405.0,1445.0,26.73,13.01,13.73,11.86,4.01
392,2014,Marshall,Rural,9298.0,718.0,7.72,2.99,4.73,1.85,2.94
393,2014,Martin,Rural,20215.0,2148.0,10.63,4.35,6.27,3.77,2.29
394,2014,Meeker,Rural,22725.0,2333.0,10.27,4.4,5.87,3.47,2.59
395,2014,Mille Lacs,Rural,25299.0,3235.0,12.79,5.55,7.24,4.08,2.61
396,2014,Morrison,Rural,32597.0,3938.0,12.08,5.36,6.72,3.05,3.67
397,2014,Mower,Rural,38740.0,5758.0,14.86,7.13,7.73,5.0,2.66
398,2014,Murray,Rural,8446.0,844.0,9.99,4.22,5.78,2.87,3.84
399,2014,Nicollet,Rural,30526.0,3263.0,10.69,5.56,5.13,2.14,1.62
400,2014,Nobles,Rural,21249.0,3448.0,16.23,7.66,8.57,5.58,2.01
401,2014,Norman,Rural,6566.0,856.0,13.04,5.89,7.14,4.9,3.34
402,2014,Olmsted,Urban,144962.0,12650.0,8.73,3.82,4.91,2.47,1.34
403,2014,Otter Tail,Rural,56243.0,6211.0,11.04,4.65,6.39,3.14,3.04
404,2014,Pennington,Rural,13755.0,1235.0,8.98,3.89,5.09,2.3,2.75
405,2014,Pine,Rural,27593.0,4198.0,15.21,7.33,7.88,4.81,3.65
406,2014,Pipestone,Rural,9181.0,1078.0,11.74,4.3,7.44,4.08,3.43
407,2014,Polk,Urban,30408.0,3957.0,13.01,6.32,6.69,3.6,2.91
408,2014,Pope,Rural,10724.0,1033.0,9.63,4.3,5.33,2.24,3.47
409,2014,Ramsey,Urban,507466.0,85504.0,16.85,7.76,9.09,5.83,2.27
410,2014,Red Lake,Rural,4033.0,477.0,11.83,5.48,6.35,3.89,3.35
411,2014,Redwood,Rural,15536.0,1654.0,10.65,4.89,5.76,3.7,2.96
412,2014,Renville,Rural,14989.0,1791.0,11.95,4.8,7.15,4.36,2.66
413,2014,Rice,Rural,56504.0,6651.0,11.77,4.53,7.24,4.39,1.69
414,2014,Rock,Rural,9377.0,1274.0,13.59,5.15,8.44,4.93,2.82
415,2014,Roseau,Rural,15256.0,1572.0,10.3,4.57,5.74,4.01,1.57
416,2014,St. Louis,Urban,192344.0,32742.0,17.02,8.0,9.03,4.08,2.86
417,2014,Scott,Urban,133665.0,7616.0,5.7,2.59,3.11,1.93,1.16
418,2014,Sherburne,Urban,87656.0,6826.0,7.79,3.28,4.51,2.56,1.15
419,2014,Sibley,Rural,14858.0,1609.0,10.83,4.6,6.23,4.76,2.07
420,2014,Stearns,Urban,144137.0,19332.0,13.41,6.41,7.01,3.0,2.07
421,2014,Steele,Rural,35848.0,3932.0,10.97,4.19,6.78,4.37,2.46
422,2014,Stevens,Rural,9244.0,1590.0,17.2,8.14,9.07,2.12,1.68
423,2014,Swift,Rural,9425.0,983.0,10.43,4.08,6.34,3.1,2.47
424,2014,Todd,Rural,24226.0,3893.0,16.07,7.48,8.59,6.2,3.43
425,2014,Traverse,Rural,3363.0,312.0,9.28,4.55,4.73,2.29,3.27
426,2014,Wabasha,Urban,21271.0,1612.0,7.58,3.54,4.04,2.46,2.01
427,2014,Wadena,Rural,13455.0,2308.0,17.15,8.01,9.14,5.86,4.3
428,2014,Waseca,Rural,17926.0,1770.0,9.87,4.47,5.4,3.46,1.8
429,2014,Washington,Urban,240868.0,13734.0,5.7,2.45,3.25,1.82,1.14
430,2014,Watonwan,Rural,10990.0,1083.0,9.85,3.24,6.62,3.25,2.14
431,2014,Wilkin,Rural,6386.0,585.0,9.16,3.59,5.57,2.07,2.47
432,2014,Winona,Rural,47160.0,7109.0,15.07,7.39,7.68,2.53,1.96
433,2014,Wright,Urban,126373.0,7950.0,6.29,2.65,3.64,2.15,1.34
434,2014,Yellow Medicine,Rural,10006.0,1318.0,13.17,5.74,7.44,4.57,2.13
435,2015,Aitkin,Rural,15586.0,1937.0,12.43,6.16,6.27,2.36,4.92
436,2015,Anoka,Urban,335395.0,25925.0,7.73,3.58,4.15,2.57,1.35
437,2015,Becker,Rural,32603.0,4160.0,12.76,5.38,7.38,4.16,2.96
438,2015,Beltrami,Rural,43119.0,8118.0,18.83,8.87,9.96,5.99,2.58
439,2015,Benton,Urban,38593.0,5732.0,14.85,6.0,8.86,4.6,2.6
440,2015,Big Stone,Rural,4997.0,719.0,14.39,5.2,9.19,5.02,3.9
441,2015,Blue Earth,Rural,61509.0,11745.0,19.09,9.47,9.62,2.99,1.63
442,2015,Brown,Rural,24160.0,1887.0,7.81,3.85,3.96,1.77,2.29
443,2015,Carlton,Urban,34410.0,4727.0,13.74,7.27,6.47,3.7,3.24
444,2015,Carver,Urban,94781.0,4172.0,4.4,1.99,2.41,1.26,0.97
445,2015,Cass,Rural,28074.0,4656.0,16.58,7.82,8.77,6.01,3.37
446,2015,Chippewa,Rural,11923.0,1454.0,12.19,4.79,7.41,4.64,2.45
447,2015,Chisago,Urban,52311.0,2889.0,5.52,2.66,2.87,0.85,1.36
448,2015,Clay,Urban,56914.0,7202.0,12.65,5.86,6.8,3.05,1.35
449,2015,Clearwater,Rural,8595.0,1451.0,16.88,8.19,8.69,6.19,4.39
450,2015,Cook,Rural,5150.0,588.0,11.42,4.7,6.72,3.53,1.96
451,2015,Cottonwood,Rural,11329.0,1905.0,16.82,7.61,9.21,5.46,4.06
452,2015,Crow Wing,Rural,62283.0,7028.0,11.28,5.45,5.83,3.2,2.65
453,2015,Dakota,Urban,405771.0,31270.0,7.71,3.38,4.32,2.68,1.15
454,2015,Dodge,Urban,20173.0,1342.0,6.65,2.85,3.8,2.58,1.27
455,2015,Douglas,Rural,35993.0,3438.0,9.55,4.64,4.91,2.18,2.7
456,2015,Faribault,Rural,13867.0,1878.0,13.54,5.87,7.67,4.82,3.12
457,2015,Fillmore,Rural,20452.0,2280.0,11.15,5.19,5.96,3.98,3.01
458,2015,Freeborn,Rural,30372.0,3679.0,12.11,4.51,7.6,3.88,2.62
459,2015,Goodhue,Rural,45472.0,5104.0,11.22,4.96,6.27,3.93,2.05
460,2015,Grant,Rural,5887.0,533.0,9.05,3.55,5.5,2.67,2.7
461,2015,Hennepin,Urban,1175446.0,146382.0,12.45,5.84,6.61,3.76,1.97
462,2015,Houston,Urban,18546.0,2031.0,10.95,5.46,5.49,3.76,2.37
463,2015,Hubbard,Rural,20389.0,2368.0,11.61,5.36,6.26,3.6,2.47
464,2015,Isanti,Urban,37831.0,2802.0,7.41,3.71,3.7,1.73,2.12
465,2015,Itasca,Rural,44350.0,6018.0,13.57,6.42,7.15,4.4,2.88
466,2015,Jackson,Rural,10065.0,1085.0,10.78,5.21,5.57,3.75,2.0
467,2015,Kanabec,Rural,15824.0,2242.0,14.17,6.39,7.78,4.74,3.1
468,2015,Kandiyohi,Rural,41796.0,4877.0,11.67,5.07,6.6,4.18,1.7
469,2015,Kittson,Rural,4354.0,474.0,10.89,4.11,6.78,3.81,3.93
470,2015,Koochiching,Rural,12739.0,1937.0,15.21,7.5,7.7,3.55,3.6
471,2015,Lac qui Parle,Rural,6873.0,561.0,8.16,3.64,4.52,1.82,2.84
472,2015,Lake,Rural,10531.0,1364.0,12.95,6.52,6.43,4.11,2.66
473,2015,Lake of the Woods,Rural,3892.0,363.0,9.33,4.16,5.16,1.9,3.19
474,2015,Le Sueur,Rural,27383.0,2482.0,9.06,4.39,4.67,2.86,2.12
475,2015,Lincoln,Rural,5636.0,524.0,9.3,3.67,5.62,1.63,4.06
476,2015,Lyon,Rural,24552.0,3456.0,14.08,5.5,8.57,5.12,1.96
477,2015,McLeod,Rural,35449.0,2866.0,8.08,3.61,4.48,2.79,1.62
478,2015,Mahnomen,Rural,5416.0,1350.0,24.93,11.78,13.15,11.5,3.99
479,2015,Marshall,Rural,9314.0,734.0,7.88,3.07,4.81,2.0,2.75
480,2015,Martin,Rural,20047.0,2286.0,11.4,4.34,7.06,3.79,2.7
481,2015,Meeker,Rural,22691.0,2282.0,10.06,4.19,5.87,3.15,2.75
482,2015,Mille Lacs,Rural,25235.0,3080.0,12.21,5.48,6.73,3.81,2.86
483,2015,Morrison,Rural,32495.0,3687.0,11.35,4.93,6.42,2.92,3.54
484,2015,Mower,Rural,38738.0,5410.0,13.97,6.88,7.08,4.65,2.52
485,2015,Murray,Rural,8386.0,771.0,9.19,3.99,5.2,2.68,3.2
486,2015,Nicollet,Rural,30728.0,3814.0,12.41,6.13,6.28,2.52,2.25
487,2015,Nobles,Rural,21302.0,3320.0,15.59,7.37,8.22,5.9,1.91
488,2015,Norman,Rural,6543.0,846.0,12.93,5.85,7.08,5.03,3.42
489,2015,Olmsted,Urban,146331.0,13237.0,9.05,3.99,5.06,2.7,1.36
490,2015,Otter Tail,Rural,56451.0,5635.0,9.98,4.34,5.64,2.65,2.93
491,2015,Pennington,Rural,13833.0,1286.0,9.3,4.1,5.2,2.5,2.75
492,2015,Pine,Rural,27442.0,4015.0,14.63,6.89,7.74,4.5,3.78
493,2015,Pipestone,Rural,9148.0,1182.0,12.92,4.91,8.01,4.38,3.66
494,2015,Polk,Urban,30383.0,3987.0,13.12,6.54,6.58,4.17,2.76
495,2015,Pope,Rural,10731.0,1011.0,9.42,4.02,5.4,2.43,3.61
496,2015,Ramsey,Urban,513815.0,84589.0,16.46,7.54,8.93,5.75,2.14
497,2015,Red Lake,Rural,4026.0,431.0,10.71,5.12,5.59,2.93,3.6
498,2015,Redwood,Rural,15443.0,1825.0,11.82,5.83,5.99,4.33,2.83
499,2015,Renville,Rural,14817.0,1646.0,11.11,4.56,6.55,3.94,2.58
500,2015,Rice,Rural,56526.0,6469.0,11.44,4.81,6.63,4.08,1.87
501,2015,Rock,Rural,9353.0,1067.0,11.41,4.61,6.8,3.76,2.59
502,2015,Roseau,Rural,15365.0,1637.0,10.65,4.87,5.78,4.26,1.71
503,2015,St. Louis,Urban,192546.0,30869.0,16.03,7.4,8.63,3.65,2.89
504,2015,Scott,Urban,135587.0,7747.0,5.71,2.6,3.11,1.94,1.3
505,2015,Sherburne,Urban,88179.0,6966.0,7.9,3.35,4.55,2.69,1.16
506,2015,Sibley,Rural,14822.0,1584.0,10.69,4.72,5.97,4.39,1.92
507,2015,Stearns,Urban,145280.0,19570.0,13.47,6.38,7.09,3.19,2.07
508,2015,Steele,Rural,35891.0,3721.0,10.37,3.9,6.47,4.02,2.33
509,2015,Stevens,Rural,9396.0,1727.0,18.38,9.53,8.85,2.04,1.92
510,2015,Swift,Rural,9373.0,1167.0,12.45,4.24,8.22,4.56,2.71
511,2015,Todd,Rural,24137.0,3548.0,14.7,6.95,7.75,5.62,3.38
512,2015,Traverse,Rural,3337.0,341.0,10.22,4.17,6.05,3.06,2.58
513,2015,Wabasha,Urban,21180.0,1547.0,7.3,3.5,3.8,2.29,2.11
514,2015,Wadena,Rural,13442.0,2211.0,16.45,7.28,9.17,4.77,4.72
515,2015,Waseca,Rural,17849.0,1544.0,8.65,4.21,4.44,2.39,1.82
516,2015,Washington,Urban,243064.0,13109.0,5.39,2.4,2.99,1.61,1.15
517,2015,Watonwan,Rural,10895.0,1182.0,10.85,3.22,7.63,4.0,2.42
518,2015,Wilkin,Rural,6333.0,627.0,9.9,3.46,6.44,2.64,2.61
519,2015,Winona,Rural,47071.0,6933.0,14.73,7.38,7.34,2.34,2.05
520,2015,Wright,Urban,127436.0,7846.0,6.16,2.63,3.52,2.06,1.4
521,2015,Yellow Medicine,Rural,9861.0,1175.0,11.92,5.96,5.95,3.67,2.57
522,2016,Aitkin,Rural,15467.0,1978.0,12.79,6.25,6.54,2.73,5.0
523,2016,Anoka,Urban,337908.0,24864.0,7.36,3.35,4.01,2.51,1.38
524,2016,Becker,Rural,32847.0,4209.0,12.81,5.43,7.38,4.27,2.91
525,2016,Beltrami,Rural,43159.0,8247.0,19.11,9.27,9.84,5.96,2.68
526,2016,Benton,Urban,38792.0,5220.0,13.46,5.69,7.77,4.37,2.52
527,2016,Big Stone,Rural,4958.0,562.0,11.34,4.42,6.92,3.47,3.69
528,2016,Blue Earth,Rural,62015.0,11323.0,18.26,8.77,9.49,2.53,1.69
529,2016,Brown,Rural,24128.0,1925.0,7.98,3.92,4.06,2.2,2.32
530,2016,Carlton,Urban,34478.0,4507.0,13.07,6.93,6.14,3.4,3.38
531,2016,Carver,Urban,96212.0,3957.0,4.11,1.79,2.32,0.9,1.09
532,2016,Cass,Rural,28161.0,4468.0,15.87,7.3,8.56,5.87,3.49
533,2016,Chippewa,Rural,11875.0,1285.0,10.82,4.12,6.7,3.99,2.79
534,2016,Chisago,Urban,52467.0,3137.0,5.98,2.7,3.28,1.2,1.52
535,2016,Clay,Urban,57332.0,6827.0,11.91,5.42,6.49,2.93,1.41
536,2016,Clearwater,Rural,8591.0,1435.0,16.7,7.93,8.78,5.81,4.76
537,2016,Cook,Rural,5171.0,617.0,11.93,5.2,6.73,2.77,3.25
538,2016,Cottonwood,Rural,11264.0,1802.0,16.0,7.39,8.61,4.77,4.77
539,2016,Crow Wing,Rural,62503.0,6531.0,10.45,4.75,5.7,2.98,2.74
540,2016,Dakota,Urban,408652.0,29265.0,7.16,3.22,3.95,2.43,1.19
541,2016,Dodge,Urban,20228.0,1341.0,6.63,2.92,3.71,2.31,1.48
542,2016,Douglas,Rural,36269.0,3141.0,8.66,4.29,4.37,2.02,2.66
543,2016,Faribault,Rural,13718.0,1728.0,12.6,5.3,7.3,4.27,3.19
544,2016,Fillmore,Rural,20488.0,2476.0,12.09,5.38,6.71,4.95,2.63
545,2016,Freeborn,Rural,30218.0,3383.0,11.2,4.47,6.73,3.48,2.48
546,2016,Goodhue,Rural,45549.0,4980.0,10.93,5.19,5.75,3.8,2.12
547,2016,Grant,Rural,5877.0,676.0,11.5,4.32,7.18,4.19,2.57
548,2016,Hennepin,Urban,1186944.0,141453.0,11.92,5.58,6.34,3.56,1.95
549,2016,Houston,Urban,18517.0,1910.0,10.31,4.78,5.53,3.32,2.51
550,2016,Hubbard,Rural,20464.0,2363.0,11.55,4.94,6.61,3.92,2.36
551,2016,Isanti,Urban,37939.0,2732.0,7.2,3.63,3.57,1.72,2.18
552,2016,Itasca,Rural,44263.0,5886.0,13.3,6.16,7.13,4.25,3.14
553,2016,Jackson,Rural,9996.0,895.0,8.95,4.42,4.53,3.08,1.77
554,2016,Kanabec,Rural,15741.0,2130.0,13.53,6.32,7.21,4.43,3.37
555,2016,Kandiyohi,Rural,41813.0,4732.0,11.32,4.87,6.44,4.06,1.69
556,2016,Kittson,Rural,4302.0,481.0,11.18,4.14,7.04,3.18,4.42
557,2016,Koochiching,Rural,12641.0,2139.0,16.92,7.89,9.03,4.31,4.14
558,2016,Lac qui Parle,Rural,6783.0,574.0,8.46,3.39,5.07,1.75,3.14
559,2016,Lake,Rural,10496.0,1255.0,11.96,6.17,5.78,3.66,3.05
560,2016,Lake of the Woods,Rural,3842.0,312.0,8.12,3.23,4.89,1.69,2.63
561,2016,Le Sueur,Rural,27367.0,2339.0,8.55,4.05,4.5,2.73,2.13
562,2016,Lincoln,Rural,5620.0,652.0,11.6,4.77,6.83,3.74,3.65
563,2016,Lyon,Rural,24497.0,3396.0,13.86,5.79,8.07,4.8,2.03
564,2016,McLeod,Rural,35461.0,2885.0,8.14,3.51,4.62,2.77,1.84
565,2016,Mahnomen,Rural,5396.0,1209.0,22.41,10.75,11.66,10.36,3.95
566,2016,Marshall,Rural,9318.0,698.0,7.49,3.24,4.25,1.93,2.77
567,2016,Martin,Rural,19881.0,2308.0,11.61,4.36,7.25,3.6,3.3
568,2016,Meeker,Rural,22630.0,2116.0,9.35,4.01,5.34,2.97,2.59
569,2016,Mille Lacs,Rural,25218.0,2970.0,11.78,4.85,6.93,3.51,3.05
570,2016,Morrison,Rural,32418.0,3801.0,11.72,5.02,6.71,2.97,3.82
571,2016,Mower,Rural,38712.0,5403.0,13.96,6.57,7.39,4.19,2.6
572,2016,Murray,Rural,8303.0,761.0,9.17,3.79,5.37,2.65,2.6
573,2016,Nicollet,Rural,30865.0,3655.0,11.84,6.02,5.82,2.35,2.35
574,2016,Nobles,Rural,21312.0,3004.0,14.1,6.11,7.98,5.19,2.08
575,2016,Norman,Rural,6491.0,761.0,11.72,5.05,6.67,4.64,2.67
576,2016,Olmsted,Urban,147717.0,13635.0,9.23,4.02,5.21,2.81,1.39
577,2016,Otter Tail,Rural,56734.0,5497.0,9.69,4.39,5.29,2.58,3.16
578,2016,Pennington,Rural,13884.0,1211.0,8.72,3.95,4.78,2.48,2.83
579,2016,Pine,Rural,27297.0,3737.0,13.69,6.71,6.98,3.77,3.88
580,2016,Pipestone,Rural,9072.0,1155.0,12.73,5.3,7.43,4.51,3.13
581,2016,Polk,Urban,30389.0,3950.0,13.0,6.29,6.71,4.14,2.93
582,2016,Pope,Rural,10755.0,1026.0,9.54,3.85,5.69,2.62,3.38
583,2016,Ramsey,Urban,517710.0,82252.0,15.89,7.3,8.59,5.6,2.14
584,2016,Red Lake,Rural,4010.0,418.0,10.42,4.59,5.84,2.62,3.42
585,2016,Redwood,Rural,15245.0,1767.0,11.59,5.66,5.93,4.43,2.71
586,2016,Renville,Rural,14628.0,1533.0,10.48,4.21,6.27,3.63,2.62
587,2016,Rice,Rural,57036.0,6678.0,11.71,4.69,7.02,4.29,2.23
588,2016,Rock,Rural,9337.0,998.0,10.69,4.46,6.23,3.28,2.31
589,2016,Roseau,Rural,15365.0,1286.0,8.37,4.11,4.26,2.91,1.84
590,2016,St. Louis,Urban,192381.0,29875.0,15.53,7.28,8.25,3.45,2.93
591,2016,Scott,Urban,137786.0,7905.0,5.74,2.37,3.36,1.94,1.21
592,2016,Sherburne,Urban,88936.0,6382.0,7.18,3.18,4.0,2.48,1.06
593,2016,Sibley,Rural,14757.0,1442.0,9.77,4.31,5.46,3.86,1.81
594,2016,Stearns,Urban,146377.0,19983.0,13.65,6.49,7.16,3.4,2.0
595,2016,Steele,Rural,35963.0,3396.0,9.44,3.52,5.92,3.25,2.42
596,2016,Stevens,Rural,9391.0,1637.0,17.43,8.23,9.2,1.69,1.95
597,2016,Swift,Rural,9341.0,1155.0,12.36,4.34,8.03,4.54,2.84
598,2016,Todd,Rural,24053.0,3253.0,13.52,6.27,7.25,5.14,3.46
599,2016,Traverse,Rural,3305.0,305.0,9.23,3.57,5.66,2.27,2.78
600,2016,Wabasha,Urban,21125.0,1399.0,6.62,2.79,3.83,1.57,2.26
601,2016,Wadena,Rural,13430.0,2081.0,15.5,6.58,8.91,4.33,4.45
602,2016,Waseca,Rural,17757.0,1387.0,7.81,3.75,4.06,1.92,1.95
603,2016,Washington,Urban,244976.0,12496.0,5.1,2.14,2.96,1.49,1.11
604,2016,Watonwan,Rural,10855.0,1272.0,11.72,4.01,7.71,4.91,2.2
605,2016,Wilkin,Rural,6288.0,577.0,9.18,3.42,5.76,2.02,2.29
606,2016,Winona,Rural,47016.0,6539.0,13.91,6.83,7.08,2.12,2.23
607,2016,Wright,Urban,128708.0,7150.0,5.56,2.45,3.11,1.81,1.42
608,2016,Yellow Medicine,Rural,9838.0,1115.0,11.33,5.35,5.99,3.22,2.56
609,2017,Aitkin,Rural,15602.0,1895.0,12.15,5.7,6.44,2.62,5.06
610,2017,Anoka,Urban,341535.0,22428.0,6.57,2.92,3.65,2.25,1.32
611,2017,Becker,Rural,33013.0,4191.0,12.69,5.03,7.67,4.18,2.82
612,2017,Beltrami,Rural,43260.0,8203.0,18.96,9.19,9.77,6.07,2.6
613,2017,Benton,Urban,38663.0,5445.0,14.08,5.71,8.38,4.47,2.43
614,2017,Big Stone,Rural,4909.0,574.0,11.69,4.54,7.15,3.32,3.18
615,2017,Blue Earth,Rural,62381.0,11321.0,18.15,8.54,9.61,2.42,1.7
616,2017,Brown,Rural,24043.0,1944.0,8.09,3.52,4.56,2.46,1.98
617,2017,Carlton,Urban,34214.0,4123.0,12.05,6.79,5.26,3.12,3.23
618,2017,Carver,Urban,97846.0,3934.0,4.02,1.77,2.25,0.91,1.08
619,2017,Cass,Rural,28312.0,4339.0,15.33,6.84,8.48,5.66,3.43
620,2017,Chippewa,Rural,11798.0,1307.0,11.08,4.76,6.32,4.04,2.43
621,2017,Chisago,Urban,52740.0,2871.0,5.44,2.46,2.98,1.17,1.33
622,2017,Clay,Urban,58044.0,7236.0,12.47,5.62,6.85,3.26,1.34
623,2017,Clearwater,Rural,8639.0,1549.0,17.93,8.5,9.43,6.12,5.29
624,2017,Cook,Rural,5230.0,679.0,12.98,5.35,7.63,2.26,3.8
625,2017,Cottonwood,Rural,11157.0,1744.0,15.63,7.46,8.17,4.44,5.25
626,2017,Crow Wing,Rural,62638.0,6043.0,9.65,4.21,5.44,2.44,2.94
627,2017,Dakota,Urban,411985.0,28284.0,6.87,3.08,3.79,2.28,1.23
628,2017,Dodge,Urban,20343.0,1160.0,5.7,2.49,3.21,1.84,1.43
629,2017,Douglas,Rural,36326.0,3063.0,8.43,4.21,4.22,1.9,2.62
630,2017,Faribault,Rural,13569.0,1556.0,11.47,5.05,6.42,3.54,2.86
631,2017,Fillmore,Rural,20417.0,2309.0,11.31,5.07,6.24,4.39,2.64
632,2017,Freeborn,Rural,30052.0,3536.0,11.77,4.9,6.86,3.64,2.72
633,2017,Goodhue,Rural,45230.0,4870.0,10.77,5.03,5.73,3.6,2.25
634,2017,Grant,Rural,5852.0,623.0,10.65,4.0,6.65,3.76,2.6
635,2017,Hennepin,Urban,1201969.0,138478.0,11.52,5.38,6.14,3.41,1.98
636,2017,Houston,Urban,18427.0,1631.0,8.85,3.91,4.94,2.53,2.62
637,2017,Hubbard,Rural,20537.0,2216.0,10.79,4.71,6.08,3.47,2.36
638,2017,Isanti,Urban,38061.0,2710.0,7.12,3.43,3.69,1.72,2.22
639,2017,Itasca,Rural,44131.0,5553.0,12.58,5.8,6.78,3.88,3.12
640,2017,Jackson,Rural,9935.0,765.0,7.7,3.93,3.77,2.11,1.71
641,2017,Kanabec,Rural,15731.0,1820.0,11.57,5.32,6.25,3.47,3.35
642,2017,Kandiyohi,Rural,41810.0,4732.0,11.32,5.16,6.16,4.03,1.86
643,2017,Kittson,Rural,4242.0,473.0,11.15,3.65,7.5,3.82,3.94
644,2017,Koochiching,Rural,12465.0,2136.0,17.14,8.22,8.92,4.56,3.79
645,2017,Lac qui Parle,Rural,6719.0,628.0,9.35,3.71,5.64,2.11,3.16
646,2017,Lake,Rural,10333.0,960.0,9.29,4.86,4.43,2.88,2.98
647,2017,Lake of the Woods,Rural,3784.0,280.0,7.4,2.8,4.6,1.56,2.14
648,2017,Le Sueur,Rural,27540.0,2433.0,8.83,4.21,4.63,2.83,1.99
649,2017,Lincoln,Rural,5546.0,630.0,11.36,4.78,6.58,3.28,3.79
650,2017,Lyon,Rural,24582.0,3374.0,13.73,5.79,7.94,4.72,2.19
651,2017,McLeod,Rural,35373.0,2964.0,8.38,3.49,4.89,2.61,1.97
652,2017,Mahnomen,Rural,5382.0,1220.0,22.67,10.94,11.72,10.29,3.68
653,2017,Marshall,Rural,9325.0,724.0,7.76,3.42,4.34,1.82,3.28
654,2017,Martin,Rural,19773.0,2234.0,11.3,4.54,6.76,3.29,3.48
655,2017,Meeker,Rural,22666.0,1885.0,8.32,3.47,4.85,2.14,2.53
656,2017,Mille Lacs,Rural,25044.0,2869.0,11.46,4.67,6.79,3.55,2.94
657,2017,Morrison,Rural,32438.0,3711.0,11.44,4.66,6.78,3.1,3.5
658,2017,Mower,Rural,38748.0,5050.0,13.03,5.93,7.1,3.76,2.45
659,2017,Murray,Rural,8245.0,678.0,8.22,3.36,4.86,1.95,2.34
660,2017,Nicollet,Rural,31085.0,3514.0,11.3,5.59,5.72,2.34,2.04
661,2017,Nobles,Rural,21427.0,3379.0,15.77,6.6,9.17,5.89,2.27
662,2017,Norman,Rural,6425.0,770.0,11.98,5.12,6.86,4.58,2.72
663,2017,Olmsted,Urban,149446.0,13530.0,9.05,4.1,4.96,2.79,1.41
664,2017,Otter Tail,Rural,56776.0,5350.0,9.42,4.35,5.08,2.67,3.01
665,2017,Pennington,Rural,13933.0,1440.0,10.34,3.92,6.42,3.42,3.21
666,2017,Pine,Rural,27253.0,3720.0,13.65,6.66,6.99,3.64,4.2
667,2017,Pipestone,Rural,9042.0,1069.0,11.82,4.77,7.06,3.99,3.05
668,2017,Polk,Urban,30422.0,3763.0,12.37,5.79,6.58,4.09,3.25
669,2017,Pope,Rural,10720.0,847.0,7.9,3.06,4.84,1.77,3.14
670,2017,Ramsey,Urban,523995.0,78410.0,14.96,6.85,8.12,5.27,2.18
671,2017,Red Lake,Rural,3990.0,377.0,9.45,4.24,5.21,2.58,3.28
672,2017,Redwood,Rural,15083.0,1778.0,11.79,6.15,5.64,4.1,3.22
673,2017,Renville,Rural,14434.0,1589.0,11.01,4.59,6.42,4.08,2.67
674,2017,Rice,Rural,57203.0,6550.0,11.45,4.61,6.84,4.17,2.22
675,2017,Rock,Rural,9192.0,1011.0,11.0,4.65,6.35,3.19,2.42
676,2017,Roseau,Rural,15267.0,1411.0,9.24,4.66,4.59,3.29,1.7
677,2017,St. Louis,Urban,192322.0,29574.0,15.38,7.31,8.07,3.34,2.96
678,2017,Scott,Urban,139814.0,7872.0,5.63,2.31,3.33,1.87,1.21
679,2017,Sherburne,Urban,89781.0,5746.0,6.4,2.78,3.62,2.43,0.96
680,2017,Sibley,Rural,14726.0,1259.0,8.55,3.87,4.68,3.01,1.68
681,2017,Stearns,Urban,148016.0,19321.0,13.05,6.25,6.8,3.64,2.03
682,2017,Steele,Rural,36035.0,3583.0,9.94,4.04,5.9,3.62,2.68
683,2017,Stevens,Rural,9432.0,1454.0,15.42,6.69,8.73,1.78,1.6
684,2017,Swift,Rural,9308.0,1131.0,12.15,4.1,8.05,3.92,3.26
685,2017,Todd,Rural,24126.0,3126.0,12.96,6.18,6.78,4.67,3.76
686,2017,Traverse,Rural,3268.0,355.0,10.86,4.71,6.15,2.51,2.29
687,2017,Wabasha,Urban,21290.0,1293.0,6.07,2.64,3.44,1.28,2.18
688,2017,Wadena,Rural,13224.0,1977.0,14.95,7.18,7.77,4.29,4.18
689,2017,Waseca,Rural,17620.0,1614.0,9.16,4.25,4.91,2.65,1.69
690,2017,Washington,Urban,247183.0,12251.0,4.96,2.07,2.89,1.53,1.05
691,2017,Watonwan,Rural,10796.0,1321.0,12.24,5.58,6.66,4.98,2.66
692,2017,Wilkin,Rural,6208.0,614.0,9.89,3.27,6.62,2.26,2.35
693,2017,Winona,Rural,47116.0,6849.0,14.54,7.07,7.46,2.23,2.26
694,2017,Wright,Urban,129918.0,6551.0,5.04,2.22,2.82,1.34,1.4
695,2017,Yellow Medicine,Rural,9730.0,1215.0,12.49,5.77,6.72,3.58,2.68
696,2018,Aitkin,Rural,15596.0,2021.0,12.96,5.83,7.13,2.98,5.45
697,2018,Anoka,Urban,344170.0,20963.0,6.09,2.65,3.44,2.01,1.31
698,2018,Becker,Rural,33208.0,4090.0,12.32,5.22,7.1,3.97,2.98
699,2018,Beltrami,Rural,43642.0,8054.0,18.45,8.57,9.88,5.98,2.99
700,2018,Benton,Urban,39054.0,4927.0,12.62,5.29,7.33,3.69,2.71
701,2018,Big Stone,Rural,4879.0,557.0,11.42,4.59,6.83,2.5,3.98
702,2018,Blue Earth,Rural,62924.0,11382.0,18.09,8.33,9.76,2.53,1.7
703,2018,Brown,Rural,24071.0,1878.0,7.8,3.6,4.2,2.43,2.24
704,2018,Carlton,Urban,34179.0,4118.0,12.05,6.75,5.3,3.27,3.06
705,2018,Carver,Urban,99482.0,3941.0,3.96,1.69,2.27,0.95,0.99
706,2018,Cass,Rural,28543.0,4154.0,14.55,6.66,7.9,5.09,3.71
707,2018,Chippewa,Rural,11765.0,1170.0,9.94,3.87,6.08,3.31,2.12
708,2018,Chisago,Urban,53177.0,2979.0,5.6,2.51,3.09,1.37,1.31
709,2018,Clay,Urban,58990.0,6828.0,11.57,5.29,6.29,3.04,1.25
710,2018,Clearwater,Rural,8619.0,1461.0,16.95,8.38,8.57,5.87,4.91
711,2018,Cook,Rural,5270.0,683.0,12.96,5.07,7.89,2.58,4.61
712,2018,Cottonwood,Rural,11112.0,1386.0,12.47,5.59,6.88,3.57,3.88
713,2018,Crow Wing,Rural,62926.0,6622.0,10.52,4.37,6.15,2.99,3.08
714,2018,Dakota,Urban,415650.0,26494.0,6.37,2.81,3.57,2.11,1.31
715,2018,Dodge,Urban,20425.0,1127.0,5.52,2.57,2.95,1.69,1.41
716,2018,Douglas,Rural,36685.0,3041.0,8.29,4.05,4.24,2.24,2.51
717,2018,Faribault,Rural,13499.0,1569.0,11.62,5.18,6.44,3.96,2.62
718,2018,Fillmore,Rural,20446.0,2245.0,10.98,4.93,6.05,4.31,2.45
719,2018,Freeborn,Rural,29943.0,3667.0,12.25,4.95,7.29,4.08,2.77
720,2018,Goodhue,Rural,45340.0,4483.0,9.89,4.8,5.09,3.05,2.67
721,2018,Grant,Rural,5867.0,610.0,10.4,3.75,6.65,3.32,2.71
722,2018,Hennepin,Urban,1212940.0,133772.0,11.03,5.1,5.93,3.16,2.08
723,2018,Houston,Urban,18380.0,1404.0,7.64,2.85,4.79,1.9,2.97
724,2018,Hubbard,Rural,20635.0,2256.0,10.93,4.73,6.2,3.48,2.49
725,2018,Isanti,Urban,38495.0,2745.0,7.13,3.42,3.71,1.73,2.35
726,2018,Itasca,Rural,44164.0,5856.0,13.26,6.18,7.08,3.94,3.45
727,2018,Jackson,Rural,9858.0,768.0,7.79,4.35,3.44,2.13,1.51
728,2018,Kanabec,Rural,15744.0,1690.0,10.73,5.28,5.45,2.93,3.33
729,2018,Kandiyohi,Rural,41865.0,4413.0,10.54,4.8,5.74,3.74,1.85
730,2018,Kittson,Rural,4186.0,443.0,10.58,3.97,6.62,3.06,4.04
731,2018,Koochiching,Rural,12377.0,2029.0,16.39,7.53,8.86,4.73,4.53
732,2018,Lac qui Parle,Rural,6643.0,566.0,8.52,3.37,5.15,1.28,3.72
733,2018,Lake,Rural,10329.0,881.0,8.53,4.35,4.18,2.35,2.95
734,2018,Lake of the Woods,Rural,3754.0,347.0,9.24,4.08,5.17,2.96,1.84
735,2018,Le Sueur,Rural,27718.0,2431.0,8.77,3.98,4.79,2.98,2.15
736,2018,Lincoln,Rural,5528.0,573.0,10.37,4.5,5.86,2.68,3.93
737,2018,Lyon,Rural,24594.0,3348.0,13.61,5.56,8.05,4.48,2.3
738,2018,McLeod,Rural,35438.0,3138.0,8.85,3.68,5.18,2.74,2.09
739,2018,Mahnomen,Rural,5375.0,1122.0,20.87,9.64,11.24,8.95,3.22
740,2018,Marshall,Rural,9302.0,702.0,7.55,3.35,4.19,1.85,3.02
741,2018,Martin,Rural,19648.0,2614.0,13.3,5.88,7.42,3.92,4.12
742,2018,Meeker,Rural,22645.0,1721.0,7.6,3.35,4.25,2.11,2.0
743,2018,Mille Lacs,Rural,25147.0,3042.0,12.1,4.74,7.35,3.85,3.03
744,2018,Morrison,Rural,32529.0,3561.0,10.95,4.33,6.61,2.82,3.23
745,2018,Mower,Rural,38893.0,4987.0,12.82,6.23,6.59,3.65,3.0
746,2018,Murray,Rural,8213.0,607.0,7.39,3.03,4.36,1.85,1.94
747,2018,Nicollet,Rural,31430.0,3003.0,9.55,4.92,4.63,1.63,2.36
748,2018,Nobles,Rural,21411.0,3061.0,14.3,6.06,8.23,5.51,2.27
749,2018,Norman,Rural,6393.0,661.0,10.34,4.47,5.87,3.21,2.64
750,2018,Olmsted,Urban,150916.0,13490.0,8.94,3.88,5.06,2.84,1.47
751,2018,Otter Tail,Rural,56976.0,5250.0,9.21,4.25,4.97,2.53,3.16
752,2018,Pennington,Rural,13942.0,1370.0,9.83,3.76,6.07,3.35,2.62
753,2018,Pine,Rural,27304.0,3433.0,12.57,6.27,6.3,3.12,4.2
754,2018,Pipestone,Rural,9004.0,1020.0,11.33,4.79,6.54,3.51,2.89
755,2018,Polk,Urban,30473.0,3841.0,12.6,5.49,7.12,4.41,3.44
756,2018,Pope,Rural,10765.0,784.0,7.28,3.38,3.9,1.76,2.77
757,2018,Ramsey,Urban,527749.0,77330.0,14.65,6.64,8.01,5.21,2.16
758,2018,Red Lake,Rural,3974.0,389.0,9.79,4.96,4.83,3.3,2.87
759,2018,Redwood,Rural,14969.0,1709.0,11.42,5.92,5.5,4.26,2.94
760,2018,Renville,Rural,14338.0,1493.0,10.41,4.41,6.0,3.52,2.57
761,2018,Rice,Rural,57628.0,6169.0,10.7,4.39,6.31,3.93,2.25
762,2018,Rock,Rural,9177.0,894.0,9.74,3.88,5.86,2.3,2.91
763,2018,Roseau,Rural,15172.0,1481.0,9.76,5.0,4.77,3.53,1.73
764,2018,St. Louis,Urban,192176.0,28922.0,15.05,7.11,7.94,3.22,3.02
765,2018,Scott,Urban,141479.0,8218.0,5.81,2.38,3.43,2.13,1.32
766,2018,Sherburne,Urban,91074.0,6450.0,7.08,3.16,3.92,2.71,0.98
767,2018,Sibley,Rural,14765.0,1051.0,7.12,3.1,4.02,1.93,1.82
768,2018,Stearns,Urban,149649.0,19532.0,13.05,6.13,6.92,3.93,2.01
769,2018,Steele,Rural,36162.0,3646.0,10.08,4.15,5.93,3.76,2.54
770,2018,Stevens,Rural,9462.0,1486.0,15.7,8.44,7.26,2.1,1.81
771,2018,Swift,Rural,9271.0,1223.0,13.19,4.72,8.47,4.54,3.3
772,2018,Todd,Rural,24108.0,3214.0,13.33,6.3,7.03,4.74,3.7
773,2018,Traverse,Rural,3250.0,356.0,10.95,4.92,6.03,2.71,2.49
774,2018,Wabasha,Urban,21286.0,1267.0,5.95,2.87,3.09,0.8,2.22
775,2018,Wadena,Rural,13248.0,2023.0,15.27,7.13,8.14,4.87,4.48
776,2018,Waseca,Rural,17670.0,1627.0,9.21,4.08,5.13,2.3,2.12
777,2018,Washington,Urban,249469.0,11666.0,4.68,1.93,2.75,1.39,1.09
778,2018,Watonwan,Rural,10835.0,1376.0,12.7,5.38,7.32,4.83,3.16
779,2018,Wilkin,Rural,6179.0,576.0,9.32,2.14,7.19,2.22,2.69
780,2018,Winona,Rural,47133.0,6818.0,14.47,6.91,7.55,2.19,2.34
781,2018,Wright,Urban,131282.0,5850.0,4.46,1.96,2.5,1.06,1.42
782,2018,Yellow Medicine,Rural,9653.0,1297.0,13.44,6.16,7.27,3.73,3.09
783,2019,Aitkin,Rural,15592.0,1896.0,12.16,5.55,6.61,2.98,5.09
784,2019,Anoka,Urban,346853.0,20427.0,5.89,2.49,3.4,1.83,1.42
785,2019,Becker,Rural,33430.0,3678.0,11.0,4.94,6.06,3.84,2.65
786,2019,Beltrami,Rural,43962.0,8306.0,18.89,8.9,10.0,6.25,3.17
787,2019,Benton,Urban,39449.0,4071.0,10.32,4.07,6.25,2.86,2.56
788,2019,Big Stone,Rural,4853.0,491.0,10.12,3.98,6.14,2.1,3.63
789,2019,Blue Earth,Rural,63316.0,11148.0,17.61,7.99,9.62,2.41,1.82
790,2019,Brown,Rural,24075.0,1670.0,6.94,3.3,3.64,1.84,2.07
791,2019,Carlton,Urban,34105.0,3851.0,11.29,6.44,4.85,2.78,2.96
792,2019,Carver,Urban,100951.0,4126.0,4.09,1.65,2.44,0.96,1.18
793,2019,Cass,Rural,28833.0,3909.0,13.56,6.34,7.21,4.83,3.64
794,2019,Chippewa,Rural,11724.0,1095.0,9.34,3.61,5.73,2.1,2.47
795,2019,Chisago,Urban,53761.0,3210.0,5.97,2.57,3.4,1.57,1.48
796,2019,Clay,Urban,59791.0,7329.0,12.26,5.67,6.59,3.5,1.44
797,2019,Clearwater,Rural,8619.0,1260.0,14.62,7.31,7.31,4.58,4.56
798,2019,Cook,Rural,5322.0,670.0,12.59,5.69,6.9,2.37,4.87
799,2019,Cottonwood,Rural,11065.0,1214.0,10.97,5.39,5.59,2.65,4.25
800,2019,Crow Wing,Rural,63225.0,6810.0,10.77,4.25,6.52,3.16,3.07
801,2019,Dakota,Urban,418832.0,25333.0,6.05,2.69,3.35,1.97,1.32
802,2019,Dodge,Urban,20505.0,1053.0,5.14,2.38,2.75,1.3,1.42
803,2019,Douglas,Rural,37037.0,2814.0,7.6,3.48,4.12,1.78,2.45
804,2019,Faribault,Rural,13425.0,1543.0,11.49,5.0,6.5,3.67,3.08
805,2019,Fillmore,Rural,20493.0,2201.0,10.74,5.14,5.6,4.33,2.18
806,2019,Freeborn,Rural,29923.0,3295.0,11.01,4.59,6.42,3.42,2.95
807,2019,Goodhue,Rural,45342.0,4230.0,9.33,4.26,5.07,2.98,2.78
808,2019,Grant,Rural,5868.0,566.0,9.65,3.34,6.31,2.91,2.78
809,2019,Hennepin,Urban,1223987.0,127872.0,10.45,4.83,5.62,2.93,2.08
810,2019,Houston,Urban,18378.0,1451.0,7.9,2.75,5.15,2.19,3.04
811,2019,Hubbard,Rural,20740.0,2452.0,11.82,5.16,6.66,3.53,3.07
812,2019,Isanti,Urban,38942.0,2850.0,7.32,3.15,4.17,2.08,2.21
813,2019,Itasca,Rural,44098.0,5376.0,12.19,5.62,6.57,3.29,3.52
814,2019,Jackson,Rural,9766.0,768.0,7.86,4.31,3.55,2.1,1.54
815,2019,Kanabec,Rural,15807.0,1578.0,9.98,5.11,4.88,2.49,3.25
816,2019,Kandiyohi,Rural,41941.0,4409.0,10.51,4.96,5.55,3.76,1.76
817,2019,Kittson,Rural,4151.0,466.0,11.23,3.97,7.25,2.82,5.06
818,2019,Koochiching,Rural,12237.0,1665.0,13.61,5.92,7.69,3.54,4.36
819,2019,Lac qui Parle,Rural,6576.0,547.0,8.32,3.13,5.19,1.38,4.01
820,2019,Lake,Rural,10356.0,902.0,8.71,4.42,4.29,2.12,3.08
821,2019,Lake of the Woods,Rural,3713.0,399.0,10.75,4.12,6.63,4.34,2.56
822,2019,Le Sueur,Rural,27986.0,2389.0,8.54,3.66,4.88,3.04,2.02
823,2019,Lincoln,Rural,5498.0,598.0,10.88,4.66,6.22,3.02,4.07
824,2019,Lyon,Rural,24560.0,3473.0,14.14,6.04,8.1,4.83,2.16
825,2019,McLeod,Rural,35455.0,3018.0,8.51,3.46,5.05,2.58,1.96
826,2019,Mahnomen,Rural,5391.0,1254.0,23.26,11.07,12.19,10.39,3.67
827,2019,Marshall,Rural,9265.0,637.0,6.88,3.1,3.78,1.72,2.5
828,2019,Martin,Rural,19550.0,2685.0,13.73,5.72,8.02,4.07,4.45
829,2019,Meeker,Rural,22689.0,1524.0,6.72,3.2,3.52,1.72,2.12
830,2019,Mille Lacs,Rural,25281.0,3127.0,12.37,5.11,7.26,4.07,3.27
831,2019,Morrison,Rural,32589.0,3317.0,10.18,4.1,6.08,2.5,3.15
832,2019,Mower,Rural,39053.0,5277.0,13.51,6.55,6.96,4.5,2.77
833,2019,Murray,Rural,8140.0,580.0,7.13,2.96,4.16,1.56,2.41
834,2019,Nicollet,Rural,31585.0,3117.0,9.87,4.94,4.93,2.11,2.53
835,2019,Nobles,Rural,21315.0,2889.0,13.55,5.44,8.11,5.23,2.79
836,2019,Norman,Rural,6351.0,562.0,8.85,3.81,5.04,2.28,2.54
837,2019,Olmsted,Urban,152624.0,12864.0,8.43,3.61,4.82,2.57,1.58
838,2019,Otter Tail,Rural,57190.0,5328.0,9.32,4.21,5.11,2.48,3.41
839,2019,Pennington,Rural,13961.0,1535.0,10.99,4.53,6.46,4.18,2.27
840,2019,Pine,Rural,27418.0,3027.0,11.04,5.51,5.53,2.58,3.88
841,2019,Pipestone,Rural,9034.0,1056.0,11.69,4.91,6.77,3.98,2.98
842,2019,Polk,Urban,30434.0,3579.0,11.76,5.47,6.29,4.45,3.14
843,2019,Pope,Rural,10854.0,779.0,7.18,3.67,3.51,1.52,2.8
844,2019,Ramsey,Urban,530642.0,74112.0,13.97,6.39,7.57,4.85,2.28
845,2019,Red Lake,Rural,3980.0,416.0,10.45,5.08,5.38,3.39,3.19
846,2019,Redwood,Rural,14900.0,1508.0,10.12,5.2,4.92,3.17,2.68
847,2019,Renville,Rural,14231.0,1420.0,9.98,4.53,5.45,3.02,2.74
848,2019,Rice,Rural,57898.0,5301.0,9.16,3.86,5.29,3.26,2.33
849,2019,Rock,Rural,9144.0,824.0,9.01,3.84,5.17,2.61,2.38
850,2019,Roseau,Rural,15060.0,1219.0,8.09,4.06,4.04,2.71,1.72
851,2019,St. Louis,Urban,191809.0,26991.0,14.07,6.73,7.34,2.78,3.09
852,2019,Scott,Urban,143352.0,7896.0,5.51,2.14,3.37,2.05,1.22
853,2019,Sherburne,Urban,92076.0,5912.0,6.42,2.67,3.75,2.27,0.97
854,2019,Sibley,Rural,14742.0,1170.0,7.94,3.05,4.89,2.5,1.93
855,2019,Stearns,Urban,151561.0,19552.0,12.9,5.93,6.97,4.0,1.9
856,2019,Steele,Rural,36180.0,3236.0,8.94,3.9,5.04,2.89,2.32
857,2019,Stevens,Rural,9491.0,1178.0,12.41,5.05,7.36,1.33,1.82
858,2019,Swift,Rural,9228.0,1155.0,12.52,4.9,7.62,4.14,3.01
859,2019,Todd,Rural,24186.0,2871.0,11.87,5.66,6.21,3.99,3.61
860,2019,Traverse,Rural,3225.0,319.0,9.89,4.37,5.52,2.36,1.92
861,2019,Wabasha,Urban,21322.0,1651.0,7.74,3.97,3.78,1.83,2.38
862,2019,Wadena,Rural,13304.0,1907.0,14.33,7.09,7.25,4.15,4.77
863,2019,Waseca,Rural,17693.0,1718.0,9.71,3.98,5.73,2.41,2.1
864,2019,Washington,Urban,252232.0,10822.0,4.29,1.76,2.53,1.27,1.08
865,2019,Watonwan,Rural,10836.0,1451.0,13.39,5.58,7.81,5.13,3.03
866,2019,Wilkin,Rural,6147.0,564.0,9.18,3.32,5.86,3.63,2.24
867,2019,Winona,Rural,47085.0,6074.0,12.9,6.05,6.85,1.92,2.22
868,2019,Wright,Urban,132905.0,6122.0,4.61,1.99,2.61,1.18,1.42
869,2019,Yellow Medicine,Rural,9592.0,1130.0,11.78,5.36,6.42,2.83,3.01
870,2020,Aitkin,Rural,15609.0,1912.0,12.25,5.23,7.02,2.97,5.26
871,2020,Anoka,Urban,350280.0,20270.0,5.79,2.47,3.32,1.76,1.38
872,2020,Becker,Rural,33659.0,3588.0,10.66,4.64,6.02,3.85,2.7
873,2020,Beltrami,Rural,44567.0,8167.0,18.33,8.6,9.73,5.86,3.37
874,2020,Benton,Urban,39663.0,3357.0,8.46,3.49,4.98,2.33,1.81
875,2020,Big Stone,Rural,4827.0,596.0,12.35,4.74,7.6,3.34,4.04
876,2020,Blue Earth,Rural,63892.0,10510.0,16.45,7.07,9.38,2.44,1.73
877,2020,Brown,Rural,23999.0,1687.0,7.03,3.28,3.75,1.59,2.58
878,2020,Carlton,Urban,33937.0,3677.0,10.83,5.91,4.92,2.96,2.81
879,2020,Carver,Urban,102421.0,3476.0,3.39,1.28,2.11,0.67,1.15
880,2020,Cass,Rural,29049.0,3775.0,13.0,6.03,6.97,4.48,3.67
881,2020,Chippewa,Rural,11645.0,1138.0,9.77,4.31,5.46,2.27,1.99
882,2020,Chisago,Urban,54299.0,3490.0,6.43,3.04,3.39,1.73,1.65
883,2020,Clay,Urban,60448.0,7835.0,12.96,5.68,7.28,3.92,1.8
884,2020,Clearwater,Rural,8708.0,1239.0,14.23,7.09,7.14,3.73,5.18
885,2020,Cook,Rural,5356.0,543.0,10.14,4.5,5.64,1.47,4.59
886,2020,Cottonwood,Rural,11080.0,1295.0,11.69,5.09,6.6,2.9,3.83
887,2020,Crow Wing,Rural,63741.0,6359.0,9.98,4.05,5.92,2.97,2.85
888,2020,Dakota,Urban,422344.0,24475.0,5.8,2.55,3.25,1.93,1.32
889,2020,Dodge,Urban,20631.0,982.0,4.76,1.99,2.77,1.26,1.03
890,2020,Douglas,Rural,37326.0,2931.0,7.85,3.45,4.4,1.52,2.95
891,2020,Faribault,Rural,13342.0,1453.0,10.89,4.52,6.37,2.99,3.25
892,2020,Fillmore,Rural,20571.0,1923.0,9.35,4.54,4.81,3.5,2.28
893,2020,Freeborn,Rural,29888.0,2916.0,9.76,4.54,5.22,2.42,2.81
894,2020,Goodhue,Rural,45423.0,3899.0,8.58,4.13,4.45,2.57,2.67
895,2020,Grant,Rural,5875.0,556.0,9.46,3.42,6.04,3.39,2.64
896,2020,Hennepin,Urban,1234027.0,125264.0,10.15,4.68,5.47,2.83,2.14
897,2020,Houston,Urban,18419.0,1393.0,7.56,2.68,4.89,2.02,2.95
898,2020,Hubbard,Rural,20957.0,2379.0,11.35,5.64,5.72,3.07,3.67
899,2020,Isanti,Urban,39663.0,2989.0,7.54,3.34,4.2,2.23,2.09
900,2020,Itasca,Rural,43961.0,5415.0,12.32,5.76,6.56,3.27,3.62
901,2020,Jackson,Rural,9694.0,731.0,7.54,3.7,3.84,1.85,1.66
902,2020,Kanabec,Rural,15881.0,1505.0,9.48,4.85,4.63,2.19,3.55
903,2020,Kandiyohi,Rural,41933.0,4321.0,10.3,4.07,6.23,3.52,1.86
904,2020,Kittson,Rural,4119.0,490.0,11.9,4.18,7.72,2.28,5.83
905,2020,Koochiching,Rural,12076.0,1463.0,12.11,5.42,6.69,3.13,4.01
906,2020,Lac qui Parle,Rural,6508.0,589.0,9.05,3.6,5.45,1.83,3.3
907,2020,Lake,Rural,10368.0,829.0,8.0,3.87,4.13,1.46,2.95
908,2020,Lake of the Woods,Rural,3701.0,363.0,9.81,3.32,6.48,4.59,2.51
909,2020,Le Sueur,Rural,28169.0,2268.0,8.05,3.2,4.85,2.36,1.93
910,2020,Lincoln,Rural,5467.0,615.0,11.25,5.1,6.15,3.13,4.04
911,2020,Lyon,Rural,24546.0,3165.0,12.89,4.87,8.02,3.46,2.55
912,2020,McLeod,Rural,35413.0,2527.0,7.14,2.92,4.22,1.63,2.57
913,2020,Mahnomen,Rural,5372.0,1130.0,21.03,10.57,10.46,8.32,3.43
914,2020,Marshall,Rural,9220.0,634.0,6.88,3.36,3.51,1.5,2.81
915,2020,Martin,Rural,19507.0,2524.0,12.94,5.51,7.43,3.36,4.53
916,2020,Meeker,Rural,22769.0,1541.0,6.77,3.39,3.38,1.86,2.33
917,2020,Mille Lacs,Rural,25381.0,2811.0,11.08,4.29,6.79,3.53,2.73
918,2020,Morrison,Rural,32626.0,3359.0,10.3,4.27,6.03,2.96,3.22
919,2020,Mower,Rural,39103.0,5277.0,13.5,6.1,7.39,4.72,3.3
920,2020,Murray,Rural,8082.0,572.0,7.08,2.9,4.18,1.5,2.7
921,2020,Nicollet,Rural,31810.0,2699.0,8.48,4.03,4.45,1.86,2.27
922,2020,Nobles,Rural,21247.0,2575.0,12.12,5.04,7.08,4.46,3.33
923,2020,Norman,Rural,6264.0,590.0,9.42,4.2,5.22,2.79,2.04
924,2020,Olmsted,Urban,153761.0,12377.0,8.05,3.43,4.62,2.32,1.69
925,2020,Otter Tail,Rural,57389.0,5018.0,8.74,3.88,4.87,2.32,3.3
926,2020,Pennington,Rural,13899.0,1466.0,10.55,4.98,5.57,4.04,2.17
927,2020,Pine,Rural,27453.0,2914.0,10.61,5.18,5.43,2.31,4.05
928,2020,Pipestone,Rural,9004.0,925.0,10.27,4.38,5.9,2.75,2.98
929,2020,Polk,Urban,30322.0,3563.0,11.75,4.77,6.98,3.88,3.35
930,2020,Pope,Rural,10908.0,915.0,8.39,3.85,4.54,1.85,3.24
931,2020,Ramsey,Urban,532911.0,71487.0,13.41,6.14,7.27,4.71,2.24
932,2020,Red Lake,Rural,3987.0,427.0,10.71,5.27,5.44,2.71,3.94
933,2020,Redwood,Rural,14822.0,1386.0,9.35,4.82,4.53,2.57,2.81
934,2020,Renville,Rural,14161.0,1373.0,9.7,4.22,5.48,2.44,2.93
935,2020,Rice,Rural,58313.0,5907.0,10.13,4.16,5.97,3.95,2.35
936,2020,Rock,Rural,9135.0,868.0,9.5,3.9,5.6,2.62,2.76
937,2020,Roseau,Rural,14978.0,1133.0,7.56,3.5,4.07,2.68,1.57
938,2020,St. Louis,Urban,191447.0,26357.0,13.77,6.67,7.1,2.77,3.15
939,2020,Scott,Urban,145243.0,7700.0,5.3,2.32,2.98,2.02,1.07
940,2020,Sherburne,Urban,93831.0,4953.0,5.28,2.16,3.12,1.5,1.39
941,2020,Sibley,Rural,14733.0,1110.0,7.53,3.07,4.47,1.93,2.14
942,2020,Stearns,Urban,153067.0,18463.0,12.06,5.61,6.46,3.45,2.12
943,2020,Steele,Rural,36192.0,2887.0,7.98,3.73,4.25,2.39,2.02
944,2020,Stevens,Rural,9487.0,1184.0,12.48,5.09,7.39,2.04,1.71
945,2020,Swift,Rural,9205.0,1034.0,11.23,4.94,6.29,3.06,3.22
946,2020,Todd,Rural,24195.0,3276.0,13.54,6.68,6.86,4.66,3.72
947,2020,Traverse,Rural,3197.0,282.0,8.82,4.04,4.79,1.81,2.63
948,2020,Wabasha,Urban,21339.0,1623.0,7.61,3.8,3.81,1.88,2.08
949,2020,Wadena,Rural,13333.0,1949.0,14.62,7.63,6.99,4.88,4.18
950,2020,Waseca,Rural,17709.0,1418.0,8.01,3.08,4.93,2.09,2.08
951,2020,Washington,Urban,255400.0,11134.0,4.36,1.92,2.44,1.13,1.13
952,2020,Watonwan,Rural,10771.0,1366.0,12.68,5.27,7.41,4.8,2.89
953,2020,Wilkin,Rural,6142.0,633.0,10.31,4.64,5.67,3.27,2.77
954,2020,Winona,Rural,47140.0,6268.0,13.3,6.25,7.04,1.77,2.37
955,2020,Wright,Urban,135007.0,6841.0,5.07,2.24,2.82,1.47,1.35
956,2020,Yellow Medicine,Rural,9612.0,881.0,9.17,4.0,5.17,1.78,2.84
957,2021,Aitkin,Rural,15542.0,1804.0,11.61,4.95,6.66,2.25,5.67
958,2021,Anoka,Urban,357436.0,21009.0,5.88,2.61,3.27,1.78,1.51
959,2021,Becker,Rural,34342.0,3752.0,10.93,4.84,6.09,3.96,2.94
960,2021,Beltrami,Rural,43999.0,7406.0,16.83,8.14,8.69,5.45,3.28
961,2021,Benton,Urban,40380.0,3816.0,9.45,4.11,5.34,2.54,1.98
962,2021,Big Stone,Rural,5020.0,636.0,12.67,5.42,7.25,4.08,3.88
963,2021,Blue Earth,Rural,65213.0,10657.0,16.34,7.16,9.19,2.35,1.85
964,2021,Brown,Rural,24822.0,1983.0,7.99,3.42,4.57,2.19,2.51
965,2021,Carlton,Urban,34205.0,4043.0,11.82,6.3,5.52,3.55,2.98
966,2021,Carver,Urban,104619.0,3973.0,3.8,1.41,2.39,0.96,1.08
967,2021,Cass,Rural,29492.0,3686.0,12.5,6.02,6.48,4.21,3.99
968,2021,Chippewa,Rural,12295.0,1384.0,11.26,4.74,6.51,3.06,1.99
969,2021,Chisago,Urban,54823.0,3618.0,6.6,3.07,3.53,1.82,1.63
970,2021,Clay,Urban,61584.0,8654.0,14.05,6.59,7.46,4.16,1.7
971,2021,Clearwater,Rural,8386.0,1084.0,12.93,6.55,6.38,3.11,4.83
972,2021,Cook,Rural,5525.0,505.0,9.14,4.07,5.07,1.97,3.2
973,2021,Cottonwood,Rural,11315.0,1295.0,11.44,4.52,6.93,3.26,4.41
974,2021,Crow Wing,Rural,64935.0,6612.0,10.18,4.22,5.96,3.02,3.12
975,2021,Dakota,Urban,432943.0,23646.0,5.46,2.35,3.12,1.6,1.38
976,2021,Dodge,Urban,20609.0,1006.0,4.88,2.34,2.54,1.41,0.93
977,2021,Douglas,Rural,38271.0,3118.0,8.15,3.4,4.75,1.66,2.63
978,2021,Faribault,Rural,13628.0,1576.0,11.56,4.89,6.68,3.65,3.63
979,2021,Fillmore,Rural,20731.0,1896.0,9.15,4.63,4.51,3.1,2.59
980,2021,Freeborn,Rural,30356.0,3200.0,10.54,5.1,5.44,3.04,2.9
981,2021,Goodhue,Rural,46604.0,4055.0,8.7,4.02,4.68,2.45,2.77
982,2021,Grant,Rural,5943.0,470.0,7.91,3.23,4.68,2.36,3.0
983,2021,Hennepin,Urban,1249220.0,123469.0,9.88,4.52,5.36,2.65,2.2
984,2021,Houston,Urban,18554.0,1290.0,6.95,2.81,4.14,1.67,2.99
985,2021,Hubbard,Rural,20872.0,2287.0,10.96,5.66,5.3,2.59,4.0
986,2021,Isanti,Urban,40246.0,3550.0,8.82,3.85,4.97,2.71,2.27
987,2021,Itasca,Rural,43870.0,4869.0,11.1,4.96,6.13,2.77,3.74
988,2021,Jackson,Rural,9849.0,947.0,9.62,4.84,4.77,2.65,2.53
989,2021,Kanabec,Rural,15721.0,1530.0,9.73,4.96,4.77,2.17,3.75
990,2021,Kandiyohi,Rural,42531.0,4665.0,10.97,4.42,6.55,3.89,1.95
991,2021,Kittson,Rural,4073.0,415.0,10.19,3.58,6.6,2.04,5.92
992,2021,Koochiching,Rural,11934.0,1356.0,11.36,4.82,6.54,3.56,3.42
993,2021,Lac qui Parle,Rural,6605.0,603.0,9.13,3.8,5.33,2.2,3.24
994,2021,Lake,Rural,10655.0,818.0,7.68,3.46,4.21,1.15,3.06
995,2021,Lake of the Woods,Rural,3714.0,467.0,12.57,2.91,9.67,4.01,4.33
996,2021,Le Sueur,Rural,28318.0,2231.0,7.88,3.2,4.68,2.14,2.12
997,2021,Lincoln,Rural,5485.0,526.0,9.59,4.81,4.78,1.79,4.23
998,2021,Lyon,Rural,24424.0,2999.0,12.28,4.65,7.63,3.28,2.7
999,2021,McLeod,Rural,36286.0,2635.0,7.26,2.95,4.31,1.87,2.6
1000,2021,Mahnomen,Rural,5288.0,1114.0,21.07,10.08,10.99,8.59,3.57
1001,2021,Marshall,Rural,8929.0,672.0,7.53,4.0,3.53,1.85,2.74
1002,2021,Martin,Rural,19850.0,2322.0,11.7,5.3,6.39,3.08,4.2
1003,2021,Meeker,Rural,22911.0,1768.0,7.72,3.87,3.85,2.37,2.63
1004,2021,Mille Lacs,Rural,25812.0,2836.0,10.99,4.75,6.24,3.75,2.64
1005,2021,Morrison,Rural,33392.0,3335.0,9.99,4.31,5.68,2.72,3.29
1006,2021,Mower,Rural,39161.0,4966.0,12.68,5.95,6.73,5.02,2.62
1007,2021,Murray,Rural,8090.0,507.0,6.27,2.6,3.67,1.33,2.36
1008,2021,Nicollet,Rural,31826.0,2989.0,9.39,5.21,4.18,2.29,2.37
1009,2021,Nobles,Rural,21895.0,2581.0,11.79,4.82,6.97,4.07,3.15
1010,2021,Norman,Rural,6316.0,651.0,10.31,4.73,5.57,3.29,2.6
1011,2021,Olmsted,Urban,158267.0,12043.0,7.61,3.29,4.32,2.07,1.8
1012,2021,Otter Tail,Rural,58744.0,5196.0,8.85,3.96,4.88,2.41,3.21
1013,2021,Pennington,Rural,13866.0,1423.0,10.26,4.9,5.36,3.79,2.37
1014,2021,Pine,Rural,27328.0,2882.0,10.55,5.39,5.16,2.51,3.85
1015,2021,Pipestone,Rural,9218.0,1057.0,11.47,4.33,7.14,4.47,2.56
1016,2021,Polk,Urban,30199.0,3599.0,11.92,4.91,7.0,3.37,3.64
1017,2021,Pope,Rural,11014.0,883.0,8.02,4.33,3.69,2.08,2.68
1018,2021,Ramsey,Urban,536204.0,70990.0,13.24,6.1,7.14,4.65,2.3
1019,2021,Red Lake,Rural,3905.0,395.0,10.12,5.71,4.4,2.51,4.12
1020,2021,Redwood,Rural,15127.0,1490.0,9.85,5.04,4.81,2.51,2.96
1021,2021,Renville,Rural,14423.0,1403.0,9.73,4.25,5.48,2.81,2.76
1022,2021,Rice,Rural,58615.0,5992.0,10.22,4.34,5.88,3.63,2.17
1023,2021,Rock,Rural,9440.0,872.0,9.24,4.16,5.07,2.51,2.97
1024,2021,Roseau,Rural,15044.0,1259.0,8.37,3.94,4.43,2.66,2.13
1025,2021,St. Louis,Urban,192339.0,26095.0,13.57,6.47,7.1,2.7,3.33
1026,2021,Scott,Urban,147688.0,6851.0,4.64,2.08,2.56,1.8,0.96
1027,2021,Sherburne,Urban,94130.0,4722.0,5.02,1.95,3.07,1.3,1.43
1028,2021,Sibley,Rural,14821.0,1179.0,7.95,3.33,4.62,2.0,2.62
1029,2021,Stearns,Urban,151152.0,19335.0,12.79,5.7,7.09,3.78,2.4
1030,2021,Steele,Rural,36863.0,3155.0,8.56,4.07,4.49,2.79,2.02
1031,2021,Stevens,Rural,9401.0,1278.0,13.59,5.78,7.82,2.21,2.0
1032,2021,Swift,Rural,9683.0,1184.0,12.23,6.35,5.88,3.62,3.22
1033,2021,Todd,Rural,24740.0,3393.0,13.71,6.54,7.17,5.0,3.79
1034,2021,Traverse,Rural,3283.0,270.0,8.22,3.56,4.66,2.41,2.83
1035,2021,Wabasha,Urban,21212.0,1503.0,7.09,3.5,3.59,1.91,1.9
1036,2021,Wadena,Rural,13634.0,1850.0,13.57,7.71,5.86,4.2,4.08
1037,2021,Waseca,Rural,18037.0,1456.0,8.07,3.17,4.9,2.09,1.99
1038,2021,Washington,Urban,261262.0,11010.0,4.21,1.95,2.26,1.01,1.23
1039,2021,Watonwan,Rural,11105.0,1447.0,13.03,5.48,7.56,4.93,2.85
1040,2021,Wilkin,Rural,6391.0,865.0,13.53,4.71,8.82,4.93,4.15
1041,2021,Winona,Rural,46459.0,6245.0,13.44,6.68,6.77,1.72,2.34
1042,2021,Wright,Urban,138525.0,6767.0,4.89,2.09,2.79,1.41,1.35
1043,2021,Yellow Medicine,Rural,9469.0,941.0,9.94,4.51,5.43,2.36,3.23
