,Year,County,County Type,Sample Population,Poverty Population,Poverty Rate,Poverty Rate (White),Poverty Rate (Black/African American),Poverty Rate (American Indian/Alaska Native),Poverty Rate (Asian),Poverty Rate (Hawaiian/Pacific Islander),Poverty Rate (Other Races),Poverty Rate (Two Or More Races),Poverty Rate (White non-Hispanic/Latino),Poverty Rate (Hispanic/Latino)
0,2010,Aitkin,Rural,16129.0,2185.0,13.55,12.22,14.29,45.6,16.07,,79.69,33.04,12.22,44.12
1,2010,Anoka,Urban,323359.0,20730.0,6.41,5.28,22.62,15.98,6.71,0.0,23.09,11.45,5.13,16.39
2,2010,Becker,Rural,31644.0,3554.0,11.23,9.04,34.65,33.07,17.46,0.0,27.4,22.97,8.9,33.03
3,2010,Beltrami,Rural,42043.0,8383.0,19.94,11.89,25.84,50.21,15.3,0.0,17.92,31.26,11.75,28.8
4,2010,Benton,Urban,37411.0,4428.0,11.84,10.48,42.88,42.64,9.02,,14.81,50.08,9.95,45.33
5,2010,Big Stone,Rural,5320.0,500.0,9.4,9.0,100.0,0.0,0.0,,14.29,26.32,9.05,8.2
6,2010,Blue Earth,Rural,59729.0,11331.0,18.97,16.89,68.32,35.58,26.78,0.0,68.25,34.37,16.89,35.81
7,2010,Brown,Rural,24833.0,2434.0,9.8,9.97,63.64,,3.42,0.0,0.8,1.36,9.69,15.4
8,2010,Carlton,Urban,33658.0,3520.0,10.46,8.95,25.17,32.59,6.49,0.0,0.74,19.97,8.9,9.74
9,2010,Carver,Urban,88071.0,4172.0,4.74,3.69,17.09,19.81,3.57,0.0,46.12,15.2,3.61,25.01
10,2010,Cass,Rural,28338.0,3707.0,13.08,10.72,0.0,33.25,9.62,0.0,66.25,13.2,10.3,50.26
11,2010,Chippewa,Rural,12171.0,1143.0,9.39,9.13,37.88,45.28,31.82,,0.75,5.6,9.19,3.6
12,2010,Chisago,Urban,50585.0,3594.0,7.1,6.89,4.55,4.63,22.93,0.0,8.47,15.71,6.95,6.12
13,2010,Clay,Urban,53020.0,6358.0,11.99,10.68,23.16,40.62,15.33,,57.74,22.6,10.47,33.35
14,2010,Clearwater,Rural,8341.0,1296.0,15.54,12.84,50.68,38.34,0.0,,0.0,19.85,12.92,0.0
15,2010,Cook,Rural,5203.0,463.0,8.9,7.61,100.0,21.45,5.88,,0.0,16.04,7.61,0.0
16,2010,Cottonwood,Rural,11609.0,1263.0,10.88,9.45,10.81,43.66,7.76,,67.16,24.73,8.07,51.28
17,2010,Crow Wing,Rural,61064.0,7008.0,11.48,10.63,55.32,58.33,18.52,,27.71,21.74,10.51,29.69
18,2010,Dakota,Urban,391308.0,21768.0,5.56,4.31,23.52,9.42,4.38,5.56,17.22,8.02,4.01,15.14
19,2010,Dodge,Urban,19682.0,1204.0,6.12,6.17,0.0,0.0,9.09,,0.0,5.21,5.91,10.67
20,2010,Douglas,Rural,35366.0,3800.0,10.74,10.17,47.7,16.45,46.27,0.0,100.0,34.8,10.21,24.78
21,2010,Faribault,Rural,14484.0,1581.0,10.92,10.32,0.0,0.0,13.51,,40.49,33.69,10.36,21.6
22,2010,Fillmore,Rural,20344.0,2497.0,12.27,11.98,18.92,31.71,42.31,,53.85,16.53,12.03,23.75
23,2010,Freeborn,Rural,30658.0,3052.0,9.95,9.21,17.48,2.88,43.03,,15.03,51.98,8.12,23.03
24,2010,Goodhue,Rural,45357.0,3724.0,8.21,6.64,66.88,53.31,0.77,0.0,40.66,28.69,6.3,28.39
25,2010,Grant,Rural,5931.0,712.0,12.0,11.71,6.9,0.0,0.0,,48.28,41.03,11.74,24.71
26,2010,Hennepin,Urban,1114933.0,134363.0,12.05,7.56,34.93,36.68,15.63,20.78,21.84,18.01,6.74,23.2
27,2010,Houston,Urban,18893.0,1732.0,9.17,8.17,100.0,54.29,0.0,0.0,0.0,66.38,8.09,20.51
28,2010,Hubbard,Rural,20020.0,2346.0,11.72,11.2,33.33,23.31,0.0,,27.5,22.03,11.25,19.08
29,2010,Isanti,Urban,37138.0,3298.0,8.88,8.19,34.45,30.33,25.91,0.0,0.0,29.12,8.06,18.63
30,2010,Itasca,Rural,43690.0,5166.0,11.82,11.03,60.14,34.84,13.22,,27.63,11.4,10.97,19.28
31,2010,Jackson,Rural,10253.0,933.0,9.1,8.78,0.0,0.0,0.0,0.0,12.33,63.95,8.51,29.34
32,2010,Kanabec,Rural,16334.0,2036.0,12.46,12.16,0.0,46.15,7.27,,69.23,26.81,12.12,32.98
33,2010,Kandiyohi,Rural,40693.0,4920.0,12.09,10.31,66.32,57.4,13.93,,24.87,41.84,7.38,38.6
34,2010,Kittson,Rural,4453.0,284.0,6.38,6.42,0.0,22.73,0.0,,0.0,0.0,6.44,0.0
35,2010,Koochiching,Rural,13416.0,1664.0,12.4,11.06,,37.97,0.0,,0.0,60.0,10.87,25.17
36,2010,Lac qui Parle,Rural,7071.0,661.0,9.35,8.94,0.0,100.0,55.17,0.0,37.14,7.32,8.85,26.67
37,2010,Lake,Rural,10793.0,1252.0,11.6,10.94,,83.61,2.56,,13.37,42.55,10.94,20.72
38,2010,Lake of the Woods,Rural,4137.0,565.0,13.66,13.38,0.0,60.0,0.0,,,27.88,13.38,0.0
39,2010,Le Sueur,Rural,27351.0,2230.0,8.15,6.42,58.93,60.0,10.16,,35.53,67.59,6.33,27.99
40,2010,Lincoln,Rural,5906.0,545.0,9.23,8.88,,64.0,0.0,0.0,23.91,10.0,8.92,14.29
41,2010,Lyon,Rural,24273.0,2950.0,12.15,9.08,50.0,85.27,19.47,100.0,49.84,30.43,8.33,41.68
42,2010,McLeod,Rural,36094.0,2390.0,6.62,5.63,73.95,35.92,8.73,,14.92,28.9,5.4,21.54
43,2010,Mahnomen,Rural,5254.0,1240.0,23.6,10.78,26.92,43.3,0.0,,0.0,14.07,9.88,41.44
44,2010,Marshall,Rural,9445.0,793.0,8.4,8.43,16.36,14.55,0.0,,0.0,5.0,8.41,7.59
45,2010,Martin,Rural,20621.0,1850.0,8.97,9.03,0.0,4.55,3.45,,0.0,15.84,8.84,12.73
46,2010,Meeker,Rural,22933.0,1983.0,8.65,8.34,0.0,26.92,0.0,0.0,51.81,0.0,8.12,27.92
47,2010,Mille Lacs,Rural,24938.0,3088.0,12.38,11.32,0.0,23.31,23.81,100.0,1.77,36.51,11.39,4.75
48,2010,Morrison,Rural,32664.0,4264.0,13.05,12.37,0.0,53.23,68.33,,14.15,50.42,12.39,11.57
49,2010,Mower,Rural,38332.0,5467.0,14.26,13.28,43.07,54.1,41.81,,14.88,10.59,9.9,46.27
50,2010,Murray,Rural,8445.0,785.0,9.3,9.44,25.0,1.64,27.5,,0.0,0.0,9.33,9.74
51,2010,Nicollet,Rural,30186.0,3505.0,11.61,10.33,49.9,31.93,1.36,,51.98,17.97,10.43,23.43
52,2010,Nobles,Rural,20746.0,3741.0,18.03,16.27,67.54,8.33,3.43,100.0,32.11,25.0,9.29,43.51
53,2010,Norman,Rural,6732.0,805.0,11.96,10.53,0.0,52.68,0.0,,73.08,25.71,10.61,21.74
54,2010,Olmsted,Urban,138904.0,11686.0,8.41,6.62,49.16,10.12,4.47,0.0,5.76,12.03,6.2,16.22
55,2010,Otter Tail,Rural,56491.0,7306.0,12.93,12.34,44.49,36.57,15.53,0.0,29.3,23.03,12.15,23.32
56,2010,Pennington,Rural,13803.0,1647.0,11.93,10.2,67.21,47.3,15.6,,92.77,28.47,10.11,30.36
57,2010,Pine,Rural,28109.0,3930.0,13.98,12.83,15.58,32.78,12.59,0.0,33.96,44.92,12.72,23.37
58,2010,Pipestone,Rural,9538.0,946.0,9.92,8.17,0.0,36.22,0.0,,86.98,13.25,8.04,61.6
59,2010,Polk,Urban,29677.0,3868.0,13.03,11.87,51.43,51.22,10.68,0.0,13.31,52.16,10.81,33.7
60,2010,Pope,Rural,10855.0,867.0,7.99,7.87,6.25,46.67,0.0,,,13.33,7.87,9.64
61,2010,Ramsey,Urban,488851.0,77325.0,15.82,9.71,37.92,35.47,29.57,0.0,19.04,28.02,8.33,28.54
62,2010,Red Lake,Rural,3943.0,387.0,9.81,9.36,100.0,21.05,,,0.0,0.0,8.39,50.0
63,2010,Redwood,Rural,15614.0,1671.0,10.7,9.02,72.34,32.08,15.32,,0.0,19.07,9.04,5.25
64,2010,Renville,Rural,15748.0,1695.0,10.76,10.07,58.33,34.18,44.44,,22.86,13.33,8.59,33.13
65,2010,Rice,Rural,56067.0,5851.0,10.44,8.7,56.1,74.47,16.17,,32.17,24.63,6.13,39.84
66,2010,Rock,Rural,9445.0,895.0,9.48,9.31,47.17,0.0,23.68,,0.0,3.64,9.27,8.19
67,2010,Roseau,Rural,15514.0,1639.0,10.56,9.89,0.0,44.65,7.65,100.0,42.5,28.57,9.95,0.0
68,2010,St. Louis,Urban,190964.0,28931.0,15.15,13.44,62.44,45.92,19.22,0.0,26.4,33.0,13.39,27.31
69,2010,Scott,Urban,125317.0,5832.0,4.65,3.72,25.87,9.04,9.22,0.0,1.81,6.91,3.25,13.12
70,2010,Sherburne,Urban,84440.0,6185.0,7.32,6.0,62.51,18.11,16.01,0.0,17.69,32.89,5.9,10.83
71,2010,Sibley,Rural,15048.0,1441.0,9.58,8.0,0.0,32.35,52.58,,41.35,46.73,6.06,45.47
72,2010,Stearns,Urban,138838.0,17894.0,12.89,11.19,40.54,46.51,27.04,75.0,42.11,27.5,10.94,35.69
73,2010,Steele,Rural,36197.0,2717.0,7.51,6.5,27.91,0.0,0.98,,10.26,38.06,5.85,18.21
74,2010,Stevens,Rural,8653.0,1237.0,14.3,13.57,34.88,42.96,0.0,,0.0,28.43,13.67,7.47
75,2010,Swift,Rural,8959.0,811.0,9.05,8.84,0.0,33.33,0.0,,36.54,28.21,8.68,22.39
76,2010,Todd,Rural,24444.0,3653.0,14.94,14.36,38.98,34.94,50.33,,26.06,21.51,13.87,28.85
77,2010,Traverse,Rural,3485.0,325.0,9.33,7.95,,40.6,0.0,,0.0,28.95,7.98,0.0
78,2010,Wabasha,Urban,21685.0,1584.0,7.3,7.0,45.21,0.0,0.0,,35.11,0.0,6.42,32.96
79,2010,Wadena,Rural,13469.0,2260.0,16.78,16.06,52.59,36.05,13.33,,41.51,30.06,16.17,15.12
80,2010,Waseca,Rural,18248.0,1389.0,7.61,7.59,0.0,0.0,7.77,,16.67,10.74,7.8,1.65
81,2010,Washington,Urban,230531.0,11906.0,5.16,4.37,14.8,23.29,7.89,0.0,15.62,12.97,4.2,11.07
82,2010,Watonwan,Rural,11107.0,1312.0,11.81,11.56,0.0,0.0,0.0,0.0,22.59,7.02,9.72,21.93
83,2010,Wilkin,Rural,6342.0,502.0,7.92,6.69,0.0,0.0,100.0,0.0,82.05,28.57,6.51,59.09
84,2010,Winona,Rural,47343.0,7307.0,15.43,14.98,24.2,38.54,30.15,,0.0,22.27,14.47,35.0
85,2010,Wright,Urban,119692.0,6554.0,5.48,5.38,19.16,4.17,1.61,,7.12,3.07,5.38,6.67
86,2010,Yellow Medicine,Rural,10381.0,1317.0,12.69,10.25,79.01,25.1,46.51,100.0,62.4,63.51,9.37,70.95
87,2011,Aitkin,Rural,16092.0,1970.0,12.24,11.52,15.0,36.59,8.0,,0.0,24.23,11.47,13.43
88,2011,Anoka,Urban,325869.0,21514.0,6.6,5.49,19.54,23.04,4.85,0.0,22.45,15.33,5.39,16.41
89,2011,Becker,Rural,31879.0,3675.0,11.53,9.25,62.07,33.51,14.29,62.5,28.38,21.68,9.14,30.57
90,2011,Beltrami,Rural,42454.0,8351.0,19.67,12.87,19.76,46.03,13.98,0.0,9.84,24.59,12.61,27.31
91,2011,Benton,Urban,37679.0,5032.0,13.35,11.79,52.46,65.0,12.24,,36.36,51.87,11.19,48.02
92,2011,Big Stone,Rural,5159.0,579.0,11.22,10.87,,33.33,100.0,,100.0,48.48,10.97,12.73
93,2011,Blue Earth,Rural,60279.0,11408.0,18.93,16.95,66.86,56.29,26.29,0.0,29.97,42.75,16.85,28.15
94,2011,Brown,Rural,24771.0,2481.0,10.02,10.08,35.19,0.0,8.57,0.0,0.0,0.0,9.44,27.65
95,2011,Carlton,Urban,33778.0,3800.0,11.25,9.56,28.57,35.98,9.5,0.0,1.02,16.27,9.41,19.87
96,2011,Carver,Urban,89215.0,4504.0,5.05,4.1,8.81,38.62,6.32,0.0,39.06,13.29,3.86,27.08
97,2011,Cass,Rural,28342.0,4283.0,15.11,12.45,26.87,37.7,15.0,0.0,41.94,14.96,12.05,47.79
98,2011,Chippewa,Rural,12155.0,1313.0,10.8,10.58,48.57,54.84,17.86,50.82,0.4,3.93,10.51,7.16
99,2011,Chisago,Urban,51622.0,3645.0,7.06,6.95,6.5,4.03,4.08,0.0,16.61,14.45,7.0,9.82
100,2011,Clay,Urban,53987.0,7043.0,13.05,11.63,32.64,31.66,31.76,,58.1,25.77,11.27,37.87
101,2011,Clearwater,Rural,8504.0,1380.0,16.23,13.5,45.0,35.55,0.0,,0.0,42.08,13.54,17.39
102,2011,Cook,Rural,5153.0,470.0,9.12,7.05,15.38,23.62,21.74,,0.0,27.04,7.05,71.43
103,2011,Cottonwood,Rural,11383.0,1328.0,11.67,9.75,52.54,65.96,7.48,,76.59,29.55,8.45,49.85
104,2011,Crow Wing,Rural,61573.0,7536.0,12.24,11.41,59.37,54.49,27.88,,23.42,21.42,11.16,41.24
105,2011,Dakota,Urban,394437.0,23770.0,6.03,4.51,25.31,10.0,6.55,5.14,18.34,10.7,4.11,16.28
106,2011,Dodge,Urban,19788.0,1279.0,6.46,6.51,0.0,0.0,10.09,,0.0,7.27,5.77,20.8
107,2011,Douglas,Rural,35426.0,3881.0,10.96,10.62,8.7,12.78,51.45,0.0,53.85,35.24,10.68,10.03
108,2011,Faribault,Rural,14259.0,1687.0,11.83,11.54,3.85,1.75,0.0,,36.77,7.29,11.42,21.95
109,2011,Fillmore,Rural,20419.0,2580.0,12.64,12.33,18.92,27.91,35.94,,58.82,17.24,12.39,24.85
110,2011,Freeborn,Rural,30858.0,3448.0,11.17,10.44,10.34,24.74,46.56,,23.27,34.1,9.87,18.33
111,2011,Goodhue,Rural,45194.0,3693.0,8.17,6.92,67.54,43.37,8.22,0.0,13.46,39.23,6.56,22.08
112,2011,Grant,Rural,5934.0,736.0,12.4,11.62,36.36,80.49,0.0,,38.24,29.27,11.51,28.57
113,2011,Hennepin,Urban,1124293.0,138258.0,12.3,7.74,35.35,40.36,14.15,14.47,23.31,19.54,6.79,24.52
114,2011,Houston,Urban,18826.0,1696.0,9.01,8.4,100.0,0.0,0.0,0.0,0.0,39.83,8.3,25.49
115,2011,Hubbard,Rural,20004.0,2395.0,11.97,11.38,73.17,21.66,4.76,,14.0,25.13,11.4,17.28
116,2011,Isanti,Urban,37490.0,3088.0,8.24,7.63,31.37,43.92,1.81,0.0,0.0,27.84,7.66,6.62
117,2011,Itasca,Rural,44062.0,5005.0,11.36,10.75,12.62,30.16,12.58,100.0,39.13,10.18,10.65,27.21
118,2011,Jackson,Rural,10118.0,1132.0,11.19,10.26,77.78,10.0,10.81,0.0,38.64,66.25,9.89,43.64
119,2011,Kanabec,Rural,16203.0,1951.0,12.04,11.98,2.25,36.92,17.31,,,11.68,11.32,65.35
120,2011,Kandiyohi,Rural,41250.0,5249.0,12.72,11.09,56.7,45.02,18.14,,30.29,47.32,8.1,36.65
121,2011,Kittson,Rural,4432.0,355.0,8.01,8.1,5.0,22.22,0.0,,0.0,0.0,7.93,25.81
122,2011,Koochiching,Rural,13096.0,1645.0,12.56,10.52,52.94,62.67,0.0,,0.0,51.12,10.6,0.0
123,2011,Lac qui Parle,Rural,7108.0,645.0,9.07,8.73,0.0,100.0,20.0,0.0,30.56,11.9,8.62,22.77
124,2011,Lake,Rural,10585.0,1190.0,11.24,10.66,,60.42,4.76,,14.38,29.28,10.7,23.86
125,2011,Lake of the Woods,Rural,4063.0,644.0,15.85,16.21,0.0,59.09,0.0,,,1.1,16.21,0.0
126,2011,Le Sueur,Rural,27499.0,2518.0,9.16,7.54,53.49,52.25,14.21,,33.8,67.01,7.44,27.89
127,2011,Lincoln,Rural,5741.0,542.0,9.44,9.14,0.0,58.82,0.0,0.0,0.0,21.74,9.1,10.42
128,2011,Lyon,Rural,24513.0,3200.0,13.05,9.8,46.3,94.62,19.47,100.0,44.12,31.87,9.04,44.35
129,2011,McLeod,Rural,36085.0,2701.0,7.49,6.56,77.9,33.33,9.5,,18.37,17.96,6.24,23.58
130,2011,Mahnomen,Rural,5332.0,1410.0,26.44,11.76,47.62,46.38,0.0,,69.23,23.56,11.0,55.05
131,2011,Marshall,Rural,9352.0,824.0,8.81,8.76,50.0,0.0,0.0,,3.12,4.69,8.85,5.94
132,2011,Martin,Rural,20502.0,1897.0,9.25,9.07,37.65,0.0,7.37,,0.0,28.07,8.9,12.54
133,2011,Meeker,Rural,22920.0,2164.0,9.44,9.13,0.0,35.0,2.63,0.0,55.25,0.0,8.89,28.31
134,2011,Mille Lacs,Rural,25446.0,3419.0,13.44,12.12,0.0,28.36,34.19,100.0,22.4,29.09,12.08,20.76
135,2011,Morrison,Rural,32760.0,4277.0,13.06,12.34,0.0,49.55,78.62,,16.28,37.87,12.31,14.32
136,2011,Mower,Rural,38227.0,5836.0,15.27,14.16,53.45,63.33,35.45,,14.51,9.28,10.24,49.59
137,2011,Murray,Rural,8613.0,855.0,9.93,9.68,0.0,5.0,61.04,,0.0,1.3,9.44,13.49
138,2011,Nicollet,Rural,30213.0,3402.0,11.26,9.93,36.91,46.73,0.61,,60.87,26.77,9.74,31.42
139,2011,Nobles,Rural,20851.0,4061.0,19.48,15.93,71.72,5.36,25.39,100.0,39.12,35.5,9.89,38.83
140,2011,Norman,Rural,6690.0,850.0,12.71,10.74,0.0,63.2,0.0,,74.6,35.16,10.8,25.38
141,2011,Olmsted,Urban,140610.0,11416.0,8.12,6.54,39.71,11.69,5.39,0.0,7.67,15.65,6.05,17.44
142,2011,Otter Tail,Rural,56122.0,7230.0,12.88,12.06,50.3,42.33,14.95,0.0,22.19,42.4,11.82,31.33
143,2011,Pennington,Rural,13525.0,1493.0,11.04,9.7,32.92,50.0,9.52,,93.44,19.1,9.58,29.45
144,2011,Pine,Rural,27871.0,4172.0,14.97,13.86,37.56,36.64,34.04,0.0,26.0,31.47,13.84,17.18
145,2011,Pipestone,Rural,9351.0,1053.0,11.26,9.6,17.46,34.07,0.0,0.0,90.26,18.06,9.38,56.15
146,2011,Polk,Urban,30255.0,3693.0,12.21,11.35,47.56,37.04,6.49,0.0,4.85,40.26,10.55,24.28
147,2011,Pope,Rural,10785.0,824.0,7.64,7.75,8.7,0.0,0.0,,,0.0,7.71,18.75
148,2011,Ramsey,Urban,492333.0,80612.0,16.37,9.88,38.79,39.69,30.73,13.85,22.06,27.33,8.52,27.95
149,2011,Red Lake,Rural,4032.0,419.0,10.39,9.5,100.0,17.5,,,35.0,16.33,8.51,52.04
150,2011,Redwood,Rural,15697.0,1646.0,10.49,8.76,86.42,30.89,18.13,,0.0,10.36,8.72,6.31
151,2011,Renville,Rural,15519.0,1680.0,10.83,10.03,75.0,47.52,34.67,,13.03,16.53,9.44,18.79
152,2011,Rice,Rural,55958.0,6054.0,10.82,8.57,72.46,17.24,20.38,,30.15,29.22,6.29,34.76
153,2011,Rock,Rural,9394.0,1047.0,11.15,10.72,58.82,26.83,43.59,,0.0,5.48,9.79,54.84
154,2011,Roseau,Rural,15423.0,1763.0,11.43,10.59,0.0,62.86,2.47,100.0,0.0,37.82,10.6,6.31
155,2011,St. Louis,Urban,191202.0,30638.0,16.02,14.29,51.67,51.05,22.13,0.0,15.87,35.68,14.18,29.07
156,2011,Scott,Urban,127381.0,6385.0,5.01,4.03,22.86,9.3,7.68,0.0,5.82,15.01,3.56,16.27
157,2011,Sherburne,Urban,85970.0,6867.0,7.99,7.01,41.6,16.13,18.32,0.0,35.0,23.33,6.8,17.65
158,2011,Sibley,Rural,14957.0,1804.0,12.06,10.31,88.71,16.67,50.49,,46.49,61.54,7.99,50.29
159,2011,Stearns,Urban,141142.0,18052.0,12.79,10.66,52.72,49.58,29.75,71.43,41.23,21.66,10.41,34.08
160,2011,Steele,Rural,35951.0,3169.0,8.81,7.91,21.55,0.0,12.23,,8.52,44.25,6.82,24.9
161,2011,Stevens,Rural,8880.0,1267.0,14.27,13.28,13.95,50.7,92.86,,0.0,28.16,12.85,24.83
162,2011,Swift,Rural,9011.0,826.0,9.17,8.64,29.63,90.91,0.0,,52.0,18.97,8.44,26.56
163,2011,Todd,Rural,24496.0,3798.0,15.5,15.11,36.51,54.64,34.86,,20.17,12.75,15.44,10.96
164,2011,Traverse,Rural,3498.0,287.0,8.2,6.27,100.0,43.24,,,0.0,46.67,6.29,26.56
165,2011,Wabasha,Urban,21410.0,1633.0,7.63,7.4,50.82,0.0,0.0,,0.0,15.32,6.4,44.38
166,2011,Wadena,Rural,13573.0,2444.0,18.01,18.02,6.93,14.44,8.33,,39.58,21.38,17.93,30.73
167,2011,Waseca,Rural,17994.0,1508.0,8.38,8.42,0.0,0.0,0.0,,0.0,10.93,7.42,32.24
168,2011,Washington,Urban,233658.0,13303.0,5.69,4.81,14.82,26.62,8.4,0.0,21.45,14.65,4.64,13.92
169,2011,Watonwan,Rural,11016.0,1151.0,10.45,10.63,3.52,0.0,4.55,0.0,14.09,5.83,8.25,19.56
170,2011,Wilkin,Rural,6447.0,449.0,6.96,6.67,25.0,0.0,0.0,0.0,29.41,24.21,6.4,20.9
171,2011,Winona,Rural,47574.0,7601.0,15.98,15.4,42.35,45.45,28.84,,1.47,21.96,15.13,23.63
172,2011,Wright,Urban,122179.0,6865.0,5.62,5.44,26.73,29.43,2.22,,4.05,3.26,5.42,5.45
173,2011,Yellow Medicine,Rural,10252.0,1410.0,13.75,11.81,78.79,26.69,11.9,100.0,67.14,46.08,10.69,67.25
174,2012,Aitkin,Rural,15928.0,1999.0,12.55,12.02,4.17,38.06,2.78,,0.0,23.79,11.94,18.05
175,2012,Anoka,Urban,328197.0,23324.0,7.11,5.76,27.98,24.05,3.97,0.0,18.65,14.79,5.59,16.6
176,2012,Becker,Rural,32065.0,3786.0,11.81,9.46,53.09,35.25,11.43,25.0,22.35,21.07,9.4,26.76
177,2012,Beltrami,Rural,42841.0,8855.0,20.67,13.82,14.29,46.34,16.71,16.18,30.23,24.0,13.39,50.7
178,2012,Benton,Urban,37980.0,5527.0,14.55,12.69,57.14,76.09,16.22,,56.25,52.68,12.23,40.55
179,2012,Big Stone,Rural,5116.0,659.0,12.88,12.32,,27.27,100.0,,100.0,55.56,12.4,25.58
180,2012,Blue Earth,Rural,60723.0,11756.0,19.36,17.11,64.71,48.92,34.16,0.0,38.87,47.36,16.93,31.72
181,2012,Brown,Rural,24675.0,2221.0,9.0,8.96,30.3,14.29,21.88,0.0,0.0,6.73,8.56,18.59
182,2012,Carlton,Urban,34101.0,4072.0,11.94,9.95,32.63,36.44,43.33,0.0,1.0,20.9,9.86,16.11
183,2012,Carver,Urban,90526.0,4679.0,5.17,4.31,8.63,24.8,2.08,0.0,46.04,10.74,4.08,28.17
184,2012,Cass,Rural,28219.0,4644.0,16.46,13.16,30.91,42.29,15.6,0.0,56.0,21.13,12.86,46.72
185,2012,Chippewa,Rural,12091.0,1142.0,9.45,9.09,0.0,42.47,25.0,48.45,0.96,4.21,8.91,9.14
186,2012,Chisago,Urban,51913.0,3949.0,7.61,7.5,7.31,12.21,2.76,0.0,14.64,15.04,7.56,7.93
187,2012,Clay,Urban,54900.0,6851.0,12.48,11.17,29.87,37.92,19.38,0.0,32.67,31.2,10.83,33.03
188,2012,Clearwater,Rural,8523.0,1288.0,15.11,12.02,29.73,34.0,2.08,,55.56,47.33,12.05,47.86
189,2012,Cook,Rural,5150.0,503.0,9.77,6.77,15.38,31.12,35.9,0.0,0.0,38.8,6.8,2.94
190,2012,Cottonwood,Rural,11355.0,1446.0,12.73,9.79,100.0,59.09,16.97,,74.1,39.55,9.72,37.71
191,2012,Crow Wing,Rural,61841.0,8258.0,13.35,12.49,52.12,58.89,30.12,,37.66,23.58,12.15,52.23
192,2012,Dakota,Urban,397374.0,25246.0,6.35,4.73,23.57,11.03,7.09,5.11,24.25,10.86,4.32,17.79
193,2012,Dodge,Urban,19902.0,1454.0,7.31,6.95,60.95,0.0,17.27,,9.71,6.33,6.21,22.45
194,2012,Douglas,Rural,35473.0,3641.0,10.26,10.03,28.22,23.97,35.35,0.0,0.0,14.78,10.09,11.91
195,2012,Faribault,Rural,14091.0,1741.0,12.36,12.08,4.55,4.17,32.14,,41.29,5.56,11.62,26.28
196,2012,Fillmore,Rural,20396.0,2622.0,12.86,12.44,22.22,45.0,35.62,,70.51,17.91,12.51,28.8
197,2012,Freeborn,Rural,30760.0,3618.0,11.76,10.78,61.58,28.97,21.65,,25.59,35.61,10.17,19.49
198,2012,Goodhue,Rural,45289.0,3934.0,8.69,7.67,79.34,12.79,6.31,,9.95,31.03,7.36,21.13
199,2012,Grant,Rural,5906.0,582.0,9.85,9.4,10.0,0.0,33.33,,50.0,33.33,9.14,39.36
200,2012,Hennepin,Urban,1136433.0,143141.0,12.6,8.06,35.32,38.46,13.44,14.84,25.11,20.83,7.04,25.81
201,2012,Houston,Urban,18720.0,1832.0,9.79,9.29,100.0,10.0,0.0,0.0,0.0,39.37,9.3,5.04
202,2012,Hubbard,Rural,20057.0,2427.0,12.1,11.78,72.73,15.83,6.15,100.0,15.62,17.23,11.8,12.38
203,2012,Isanti,Urban,37556.0,3041.0,8.1,7.63,38.24,27.75,2.39,0.0,0.0,23.11,7.71,3.93
204,2012,Itasca,Rural,44179.0,5518.0,12.49,11.56,9.52,30.09,40.0,100.0,44.72,18.21,11.49,33.5
205,2012,Jackson,Rural,10076.0,1154.0,11.45,10.79,25.0,33.33,16.58,0.0,32.93,43.64,10.44,38.11
206,2012,Kanabec,Rural,16102.0,2112.0,13.12,12.98,3.75,30.0,24.24,,,16.0,12.34,59.11
207,2012,Kandiyohi,Rural,41434.0,5362.0,12.94,10.91,62.46,51.28,12.44,,38.5,47.72,8.21,34.85
208,2012,Kittson,Rural,4411.0,405.0,9.18,9.22,10.0,10.0,0.0,,0.0,11.36,9.1,30.0
209,2012,Koochiching,Rural,13028.0,1564.0,12.0,9.98,66.67,51.76,0.0,,0.0,55.31,10.03,0.0
210,2012,Lac qui Parle,Rural,7049.0,498.0,7.06,6.72,0.0,90.91,18.92,0.0,,11.11,6.57,13.56
211,2012,Lake,Rural,10573.0,1390.0,13.15,12.89,,16.67,0.0,,24.74,20.93,12.94,28.57
212,2012,Lake of the Woods,Rural,4007.0,710.0,17.72,18.06,0.0,48.57,0.0,,,1.59,18.06,
213,2012,Le Sueur,Rural,27439.0,2489.0,9.07,7.71,46.23,55.56,5.3,,33.05,50.45,7.7,23.88
214,2012,Lincoln,Rural,5710.0,424.0,7.43,7.39,0.0,29.17,0.0,0.0,5.77,0.0,7.36,7.79
215,2012,Lyon,Rural,24551.0,3446.0,14.04,11.36,44.69,69.29,24.97,,44.0,36.08,10.65,43.45
216,2012,McLeod,Rural,35879.0,2773.0,7.73,6.94,65.59,50.39,15.21,,11.55,18.07,6.56,22.45
217,2012,Mahnomen,Rural,5371.0,1459.0,27.16,13.92,69.23,43.84,22.73,,16.67,27.14,12.22,72.81
218,2012,Marshall,Rural,9301.0,731.0,7.86,7.75,50.0,0.0,26.32,,16.67,9.52,7.81,7.14
219,2012,Martin,Rural,20418.0,2159.0,10.57,10.35,32.2,71.43,8.7,,0.0,31.05,9.84,23.22
220,2012,Meeker,Rural,22802.0,2415.0,10.59,10.21,0.0,76.19,2.6,0.0,59.86,7.34,9.79,35.0
221,2012,Mille Lacs,Rural,25396.0,3560.0,14.02,12.3,5.56,36.98,35.65,100.0,17.95,25.0,12.27,17.29
222,2012,Morrison,Rural,32743.0,4328.0,13.22,12.5,73.05,0.0,80.59,,30.09,19.21,12.46,18.55
223,2012,Mower,Rural,38363.0,6072.0,15.83,15.22,53.99,81.82,10.52,0.0,7.75,12.52,11.06,49.82
224,2012,Murray,Rural,8565.0,866.0,10.11,10.04,33.33,36.84,15.15,0.0,0.0,14.61,9.56,22.31
225,2012,Nicollet,Rural,30343.0,3336.0,10.99,9.6,36.5,45.26,0.31,,63.04,32.41,9.41,29.43
226,2012,Nobles,Rural,21004.0,3604.0,17.16,12.53,53.23,6.12,24.8,100.0,45.31,41.09,8.47,33.73
227,2012,Norman,Rural,6625.0,749.0,11.31,9.89,0.0,68.47,0.0,40.0,0.0,29.3,9.42,24.82
228,2012,Olmsted,Urban,142075.0,12013.0,8.46,6.8,38.14,14.59,7.17,0.0,7.14,16.8,6.35,16.62
229,2012,Otter Tail,Rural,56128.0,6870.0,12.24,11.5,59.18,37.22,21.14,0.0,2.0,37.43,11.27,22.96
230,2012,Pennington,Rural,13601.0,1441.0,10.59,9.11,45.36,58.71,13.13,0.0,76.56,14.44,9.06,24.04
231,2012,Pine,Rural,27824.0,4110.0,14.77,13.74,30.43,31.36,40.8,0.0,35.71,31.21,13.65,26.61
232,2012,Pipestone,Rural,9308.0,944.0,10.14,8.4,13.73,18.8,0.0,0.0,87.63,9.46,8.04,59.42
233,2012,Polk,Urban,30292.0,3705.0,12.23,11.09,40.15,45.78,1.11,0.0,11.63,43.06,10.61,22.32
234,2012,Pope,Rural,10755.0,932.0,8.67,8.74,11.32,0.0,5.71,,,0.0,8.72,16.84
235,2012,Ramsey,Urban,496998.0,83400.0,16.78,9.96,39.95,37.57,31.17,11.31,24.42,28.15,8.66,26.89
236,2012,Red Lake,Rural,4041.0,454.0,11.23,10.96,82.35,10.87,,,6.25,10.53,9.88,48.08
237,2012,Redwood,Rural,15674.0,1652.0,10.54,8.99,95.83,20.44,26.24,,0.0,12.23,8.72,16.32
238,2012,Renville,Rural,15308.0,1706.0,11.14,10.31,79.73,28.95,38.1,,20.35,14.29,9.53,23.29
239,2012,Rice,Rural,56096.0,6163.0,10.99,9.13,64.4,1.79,18.44,0.0,22.88,40.52,6.76,33.67
240,2012,Rock,Rural,9423.0,1126.0,11.95,11.58,67.69,30.0,0.0,,0.0,10.98,10.62,53.81
241,2012,Roseau,Rural,15348.0,1594.0,10.39,9.73,0.0,57.67,2.74,,0.0,38.83,9.68,12.28
242,2012,St. Louis,Urban,191634.0,30852.0,16.1,14.15,59.42,49.79,26.33,0.0,11.81,38.27,14.11,23.75
243,2012,Scott,Urban,129370.0,6752.0,5.22,4.45,11.51,18.16,9.54,0.0,5.5,12.67,3.97,17.07
244,2012,Sherburne,Urban,86644.0,6907.0,7.97,7.22,23.73,22.06,14.49,0.0,39.47,27.4,7.01,17.66
245,2012,Sibley,Rural,14901.0,1897.0,12.73,11.04,79.59,25.0,40.23,,66.96,56.12,8.51,55.13
246,2012,Stearns,Urban,142289.0,18030.0,12.67,10.73,45.11,35.7,23.21,80.65,43.23,30.49,10.37,37.41
247,2012,Steele,Rural,35938.0,3106.0,8.64,7.49,20.92,33.33,19.35,,6.77,45.71,6.64,20.4
248,2012,Stevens,Rural,8974.0,1285.0,14.32,13.26,20.83,43.75,92.31,,11.43,31.18,12.83,26.49
249,2012,Swift,Rural,9224.0,931.0,10.09,9.43,40.0,88.0,0.0,,54.41,9.09,9.08,32.39
250,2012,Todd,Rural,24416.0,3873.0,15.86,16.05,37.5,63.38,13.53,,2.39,13.09,15.74,14.23
251,2012,Traverse,Rural,3440.0,318.0,9.24,7.08,100.0,43.9,,,0.0,51.61,7.04,36.17
252,2012,Wabasha,Urban,21379.0,1662.0,7.77,7.43,41.76,39.29,5.88,,0.0,34.48,6.31,46.05
253,2012,Wadena,Rural,13558.0,2497.0,18.42,17.62,66.67,58.42,9.38,,0.0,27.56,17.49,24.72
254,2012,Waseca,Rural,17916.0,1581.0,8.82,8.46,64.81,0.0,0.0,,0.0,4.16,7.32,35.19
255,2012,Washington,Urban,236222.0,13199.0,5.59,4.81,14.69,15.86,7.3,0.0,19.31,13.92,4.65,12.57
256,2012,Watonwan,Rural,11002.0,1284.0,11.67,11.43,7.55,0.0,3.97,0.0,17.85,18.06,8.57,23.1
257,2012,Wilkin,Rural,6413.0,449.0,7.0,6.8,61.54,0.0,0.0,0.0,21.43,12.84,6.69,12.32
258,2012,Winona,Rural,47455.0,7536.0,15.88,15.38,36.31,75.0,20.58,,0.0,26.68,14.89,33.89
259,2012,Wright,Urban,123844.0,7527.0,6.08,5.81,37.03,21.67,3.57,,4.07,4.65,5.66,10.48
260,2012,Yellow Medicine,Rural,10137.0,1177.0,11.61,10.21,13.04,30.92,13.16,100.0,50.9,21.47,9.19,54.76
261,2013,Aitkin,Rural,15795.0,1914.0,12.12,11.28,9.09,35.11,4.76,,0.0,34.22,11.24,14.38
262,2013,Anoka,Urban,330399.0,24417.0,7.39,6.06,24.12,21.14,4.83,26.25,18.95,17.34,5.92,16.88
263,2013,Becker,Rural,32265.0,4152.0,12.87,10.24,46.94,38.48,11.81,12.5,21.11,23.15,10.22,26.1
264,2013,Beltrami,Rural,42964.0,9389.0,21.85,14.6,34.98,47.08,16.29,13.59,46.38,26.79,14.11,59.1
265,2013,Benton,Urban,38180.0,5519.0,14.46,12.44,54.11,78.7,16.62,,34.62,57.26,12.22,28.86
266,2013,Big Stone,Rural,5078.0,630.0,12.41,11.8,0.0,40.0,100.0,,37.5,53.45,11.88,26.92
267,2013,Blue Earth,Rural,61177.0,11749.0,19.2,17.26,59.5,35.06,25.45,0.0,49.57,41.16,17.1,34.72
268,2013,Brown,Rural,24465.0,2296.0,9.38,9.17,31.25,28.57,40.0,0.0,23.3,6.38,8.34,35.06
269,2013,Carlton,Urban,34339.0,4300.0,12.52,10.3,23.38,38.08,62.67,0.0,9.63,25.0,10.2,16.18
270,2013,Carver,Urban,91904.0,4560.0,4.96,4.31,8.52,39.13,1.17,41.46,33.94,15.75,4.11,18.69
271,2013,Cass,Rural,28123.0,4603.0,16.37,12.48,32.14,45.54,17.6,0.0,47.83,26.01,12.3,37.28
272,2013,Chippewa,Rural,12054.0,1281.0,10.63,9.05,65.38,5.56,8.96,50.46,4.9,46.75,9.06,28.64
273,2013,Chisago,Urban,52178.0,3895.0,7.46,7.23,16.15,16.57,2.95,0.0,11.85,18.7,7.29,7.69
274,2013,Clay,Urban,55560.0,6843.0,12.32,11.14,28.9,19.73,41.33,0.0,19.23,30.51,10.69,29.6
275,2013,Clearwater,Rural,8584.0,1419.0,16.53,12.93,0.0,39.77,2.38,0.0,66.67,48.93,13.0,39.23
276,2013,Cook,Rural,5144.0,427.0,8.3,6.0,11.11,24.11,27.03,0.0,0.0,29.38,6.02,38.1
277,2013,Cottonwood,Rural,11332.0,1555.0,13.72,13.07,62.3,62.5,23.13,,0.0,10.07,12.87,14.99
278,2013,Crow Wing,Rural,61970.0,8018.0,12.94,12.2,56.2,30.04,28.84,,20.0,31.58,11.87,47.96
279,2013,Dakota,Urban,399938.0,30326.0,7.58,5.63,25.51,5.15,10.74,0.0,28.19,15.4,4.99,23.53
280,2013,Dodge,Urban,20028.0,1480.0,7.39,6.8,52.6,0.0,34.33,,9.18,20.65,5.91,27.39
281,2013,Douglas,Rural,35576.0,3855.0,10.84,10.65,23.26,1.11,11.39,0.0,82.14,19.9,10.64,20.26
282,2013,Faribault,Rural,14006.0,1789.0,12.77,12.4,16.67,6.25,38.1,,46.32,12.9,11.85,26.26
283,2013,Fillmore,Rural,20406.0,2460.0,12.06,11.63,21.21,44.74,48.28,,50.98,30.38,11.42,40.19
284,2013,Freeborn,Rural,30682.0,3372.0,10.99,10.12,42.34,42.11,28.41,,16.29,30.17,9.67,16.3
285,2013,Goodhue,Rural,45339.0,4470.0,9.86,8.78,83.94,15.32,8.7,,8.52,26.78,8.54,18.36
286,2013,Grant,Rural,5892.0,597.0,10.13,9.71,41.67,0.0,39.13,,18.18,32.81,9.36,34.34
287,2013,Hennepin,Urban,1148765.0,146826.0,12.78,8.04,35.97,36.27,14.43,18.95,24.83,20.7,7.15,24.85
288,2013,Houston,Urban,18645.0,2035.0,10.91,10.4,87.5,21.21,0.0,0.0,0.0,34.12,10.38,9.38
289,2013,Hubbard,Rural,20154.0,2654.0,13.17,12.66,41.54,21.71,8.82,100.0,18.56,22.67,12.75,11.38
290,2013,Isanti,Urban,37589.0,3020.0,8.03,7.5,62.69,32.89,2.46,0.0,0.0,15.48,7.6,0.82
291,2013,Itasca,Rural,44318.0,5539.0,12.5,11.72,15.09,25.3,12.5,100.0,36.81,21.32,11.6,37.69
292,2013,Jackson,Rural,10086.0,1178.0,11.68,10.91,100.0,25.0,20.95,0.0,35.22,34.33,10.69,30.74
293,2013,Kanabec,Rural,15979.0,2161.0,13.52,13.29,18.06,22.73,26.98,,100.0,13.95,12.73,56.85
294,2013,Kandiyohi,Rural,41568.0,5649.0,13.59,11.46,64.47,48.92,6.97,,17.58,53.0,8.86,33.66
295,2013,Kittson,Rural,4396.0,429.0,9.76,9.73,8.33,25.0,0.0,,0.0,18.75,9.63,25.0
296,2013,Koochiching,Rural,12940.0,1827.0,14.12,12.2,93.9,42.25,68.25,,0.0,33.73,12.27,0.0
297,2013,Lac qui Parle,Rural,7007.0,564.0,8.05,7.66,0.0,92.0,20.0,,,11.67,7.52,13.6
298,2013,Lake,Rural,10562.0,1440.0,13.63,12.94,100.0,0.0,,,29.89,36.02,13.03,26.26
299,2013,Lake of the Woods,Rural,3955.0,311.0,7.86,7.86,0.0,56.0,0.0,,,1.18,7.86,
300,2013,Le Sueur,Rural,27449.0,2419.0,8.81,7.73,67.14,22.55,5.8,,21.02,43.84,7.71,19.25
301,2013,Lincoln,Rural,5687.0,493.0,8.67,8.76,0.0,15.38,0.0,0.0,6.06,0.0,8.67,11.49
302,2013,Lyon,Rural,24576.0,3546.0,14.43,11.44,43.72,66.92,32.12,,47.91,26.67,10.82,41.15
303,2013,McLeod,Rural,35638.0,3013.0,8.45,7.8,68.75,52.17,16.84,,11.46,14.29,7.3,23.1
304,2013,Mahnomen,Rural,5390.0,1412.0,26.2,14.16,71.88,40.03,25.0,,11.43,27.73,12.94,69.49
305,2013,Marshall,Rural,9291.0,735.0,7.91,7.85,47.37,0.0,16.67,,10.34,7.89,7.91,6.96
306,2013,Martin,Rural,20344.0,2185.0,10.74,10.29,50.0,41.38,11.21,,51.22,29.84,9.67,30.15
307,2013,Meeker,Rural,22746.0,2316.0,10.18,10.12,14.86,73.81,4.76,0.0,0.0,7.61,9.55,29.01
308,2013,Mille Lacs,Rural,25321.0,3518.0,13.89,12.06,4.81,37.57,36.04,100.0,28.92,24.88,12.03,19.53
309,2013,Morrison,Rural,32684.0,4124.0,12.62,11.98,69.7,0.0,76.4,,47.27,10.8,11.98,19.27
310,2013,Mower,Rural,38529.0,6267.0,16.27,15.48,55.26,73.68,7.26,0.0,10.26,16.58,10.98,52.41
311,2013,Murray,Rural,8500.0,900.0,10.59,10.55,19.23,40.0,28.95,0.0,0.0,13.64,10.16,18.73
312,2013,Nicollet,Rural,30445.0,3216.0,10.56,9.2,39.36,48.31,1.68,,44.88,34.23,9.05,20.74
313,2013,Nobles,Rural,21120.0,3372.0,15.97,11.45,55.34,7.55,27.77,0.0,41.79,34.29,8.86,25.92
314,2013,Norman,Rural,6582.0,861.0,13.08,11.71,0.0,65.65,0.0,36.36,0.0,25.0,11.22,26.55
315,2013,Olmsted,Urban,143531.0,11468.0,7.99,6.48,34.75,10.48,6.29,0.0,14.21,12.43,6.07,16.12
316,2013,Otter Tail,Rural,56161.0,6577.0,11.71,10.93,63.42,33.8,18.42,0.0,0.0,33.54,10.76,17.85
317,2013,Pennington,Rural,13689.0,1494.0,10.91,9.65,33.48,63.64,13.43,0.0,57.14,11.08,9.63,20.41
318,2013,Pine,Rural,27707.0,4087.0,14.75,13.64,30.96,32.53,36.22,0.0,42.62,31.09,13.65,19.75
319,2013,Pipestone,Rural,9261.0,991.0,10.7,8.53,26.09,23.64,0.0,0.0,89.63,37.82,8.31,61.52
320,2013,Polk,Urban,30347.0,3816.0,12.57,11.74,19.4,30.49,1.3,0.0,11.96,38.88,11.03,26.77
321,2013,Pope,Rural,10740.0,993.0,9.25,9.27,4.35,11.11,8.82,,100.0,0.0,9.26,15.31
322,2013,Ramsey,Urban,501548.0,84942.0,16.94,10.05,39.2,32.95,30.44,15.89,28.38,28.21,8.84,26.95
323,2013,Red Lake,Rural,4037.0,479.0,11.87,11.83,36.0,22.0,0.0,,6.67,0.0,10.85,42.86
324,2013,Redwood,Rural,15639.0,1560.0,9.98,8.31,77.63,23.78,25.46,,0.0,9.31,8.09,13.46
325,2013,Renville,Rural,15154.0,1759.0,11.61,10.63,78.26,30.09,17.91,,22.15,28.79,10.09,21.0
326,2013,Rice,Rural,56268.0,6531.0,11.61,10.08,57.44,1.25,15.14,0.0,22.75,33.76,8.15,31.69
327,2013,Rock,Rural,9399.0,1233.0,13.12,12.75,48.48,30.43,11.76,,0.0,18.18,11.67,57.08
328,2013,Roseau,Rural,15292.0,1482.0,9.69,9.12,5.66,57.5,4.76,,0.0,23.92,9.08,11.81
329,2013,St. Louis,Urban,191875.0,31420.0,16.38,14.41,58.47,49.46,26.08,0.0,12.8,39.2,14.34,24.48
330,2013,Scott,Urban,131317.0,7197.0,5.48,4.3,20.43,17.29,7.33,0.0,27.27,10.59,3.85,22.88
331,2013,Sherburne,Urban,87026.0,6764.0,7.77,6.94,36.82,5.74,19.94,0.0,25.79,15.64,6.73,17.89
332,2013,Sibley,Rural,14859.0,1748.0,11.76,11.43,13.64,15.79,25.0,,8.2,34.76,9.33,36.64
333,2013,Stearns,Urban,143300.0,18715.0,13.06,10.98,52.4,36.71,18.94,40.0,38.08,27.6,10.57,37.48
334,2013,Steele,Rural,35908.0,3716.0,10.35,7.95,74.63,38.46,17.88,,14.06,40.2,7.09,23.32
335,2013,Stevens,Rural,9106.0,1403.0,15.41,13.31,64.71,49.44,93.75,,21.49,36.96,12.85,38.18
336,2013,Swift,Rural,9446.0,923.0,9.77,9.4,28.89,78.95,0.0,,0.0,6.76,8.83,23.08
337,2013,Todd,Rural,24330.0,3825.0,15.72,15.93,36.62,31.88,20.19,,2.74,14.84,15.52,16.15
338,2013,Traverse,Rural,3405.0,305.0,8.96,6.2,100.0,50.61,,,0.0,60.53,6.19,28.57
339,2013,Wabasha,Urban,21312.0,1776.0,8.33,7.91,36.73,25.93,6.56,,0.0,41.94,7.51,21.43
340,2013,Wadena,Rural,13484.0,2282.0,16.92,16.19,66.07,44.44,15.22,,0.0,27.56,16.1,20.0
341,2013,Waseca,Rural,17838.0,1677.0,9.4,9.15,50.0,0.0,0.0,,0.0,9.29,7.73,44.13
342,2013,Washington,Urban,238467.0,13667.0,5.73,4.74,21.12,15.68,6.33,0.0,18.18,15.56,4.51,14.12
343,2013,Watonwan,Rural,11010.0,1192.0,10.83,10.75,3.7,60.0,6.84,0.0,14.98,10.58,8.76,18.31
344,2013,Wilkin,Rural,6381.0,588.0,9.21,9.15,56.25,0.0,0.0,0.0,0.0,13.25,8.96,16.31
345,2013,Winona,Rural,47169.0,7087.0,15.02,14.79,42.7,27.37,11.39,,0.0,17.86,14.3,28.69
346,2013,Wright,Urban,125208.0,8135.0,6.5,6.24,29.24,12.71,2.2,100.0,10.31,6.04,6.03,16.01
347,2013,Yellow Medicine,Rural,10078.0,1233.0,12.23,10.58,38.46,35.41,12.82,,51.38,23.32,9.6,54.69
348,2014,Aitkin,Rural,15732.0,1870.0,11.89,11.27,11.11,34.36,5.66,100.0,0.0,21.43,11.27,11.61
349,2014,Anoka,Urban,332713.0,25217.0,7.58,6.04,27.29,22.51,4.9,28.57,18.3,16.81,5.87,17.1
350,2014,Becker,Rural,32431.0,4364.0,13.46,10.74,54.26,37.66,13.89,14.29,21.43,26.49,10.64,30.65
351,2014,Beltrami,Rural,43111.0,8828.0,20.48,13.92,35.67,42.43,12.8,73.53,37.04,24.02,13.41,63.75
352,2014,Benton,Urban,38343.0,5442.0,14.19,12.2,49.51,81.03,38.36,,19.05,46.12,11.77,32.86
353,2014,Big Stone,Rural,5053.0,668.0,13.22,12.64,0.0,23.08,100.0,,40.0,55.0,12.36,53.7
354,2014,Blue Earth,Rural,61303.0,11569.0,18.87,16.99,59.32,35.45,12.34,0.0,59.61,46.13,16.66,38.38
355,2014,Brown,Rural,24318.0,2044.0,8.41,8.1,34.15,16.67,8.16,0.0,27.08,16.85,7.58,25.84
356,2014,Carlton,Urban,34398.0,4703.0,13.67,10.85,56.83,44.76,72.94,0.0,20.9,19.04,10.71,20.66
357,2014,Carver,Urban,93315.0,4064.0,4.36,3.8,4.5,31.65,1.58,48.98,38.69,9.77,3.5,21.03
358,2014,Cass,Rural,28073.0,4781.0,17.03,12.68,46.24,47.35,24.62,0.0,57.69,34.31,12.52,37.16
359,2014,Chippewa,Rural,12008.0,1339.0,11.15,9.91,56.58,18.97,25.0,31.62,22.46,33.76,10.04,19.78
360,2014,Chisago,Urban,52301.0,3368.0,6.44,6.3,27.14,9.24,0.82,0.0,9.38,9.4,6.3,6.71
361,2014,Clay,Urban,56191.0,7224.0,12.86,10.91,37.8,56.92,37.16,0.0,18.47,34.08,10.48,28.91
362,2014,Clearwater,Rural,8611.0,1442.0,16.75,13.36,11.76,44.11,4.88,0.0,71.43,33.56,13.47,27.48
363,2014,Cook,Rural,5149.0,446.0,8.66,7.72,0.0,16.53,22.73,0.0,0.0,22.83,7.78,1.2
364,2014,Cottonwood,Rural,11362.0,1846.0,16.25,12.35,42.19,71.11,17.51,100.0,96.18,17.17,12.3,57.16
365,2014,Crow Wing,Rural,62087.0,7330.0,11.81,11.16,53.86,22.94,25.48,,20.97,30.19,10.85,42.19
366,2014,Dakota,Urban,402930.0,31284.0,7.76,5.47,28.58,14.96,10.28,5.96,29.42,13.81,4.98,22.59
367,2014,Dodge,Urban,20126.0,1349.0,6.7,6.22,54.72,0.0,27.27,,9.5,16.36,5.35,25.29
368,2014,Douglas,Rural,35706.0,3564.0,9.98,9.79,24.28,17.58,8.54,0.0,83.93,8.89,9.63,33.33
369,2014,Faribault,Rural,13940.0,1845.0,13.24,13.27,8.0,6.98,30.36,,8.0,6.9,11.72,37.43
370,2014,Fillmore,Rural,20409.0,2327.0,11.4,11.12,40.91,27.27,22.41,,34.29,22.82,10.83,39.19
371,2014,Freeborn,Rural,30561.0,3514.0,11.5,10.4,59.77,43.18,39.53,0.0,19.81,24.12,9.0,25.26
372,2014,Goodhue,Rural,45391.0,4738.0,10.44,9.08,72.92,37.61,8.9,,10.78,37.06,8.74,23.28
373,2014,Grant,Rural,5896.0,585.0,9.92,9.38,100.0,0.0,39.13,,18.75,35.53,9.09,30.48
374,2014,Hennepin,Urban,1162078.0,150167.0,12.92,8.13,36.82,34.27,13.45,33.55,25.66,20.34,7.29,23.63
375,2014,Houston,Urban,18586.0,2096.0,11.28,10.75,92.31,34.69,0.0,,4.35,31.36,10.69,17.74
376,2014,Hubbard,Rural,20344.0,2561.0,12.59,11.83,72.32,21.11,5.56,100.0,18.57,22.25,11.91,8.24
377,2014,Isanti,Urban,37717.0,2714.0,7.2,6.77,51.78,34.2,5.04,0.0,0.0,11.47,6.87,0.78
378,2014,Itasca,Rural,44346.0,5829.0,13.14,12.21,11.81,26.96,14.29,81.25,40.38,26.05,11.99,43.56
379,2014,Jackson,Rural,10097.0,1118.0,11.07,10.39,100.0,11.11,19.57,0.0,30.77,42.86,9.82,35.09
380,2014,Kanabec,Rural,15919.0,2356.0,14.8,14.59,48.0,14.04,37.31,,100.0,14.74,14.16,45.85
381,2014,Kandiyohi,Rural,41642.0,5561.0,13.35,11.11,64.8,38.0,11.4,,13.5,47.07,8.86,29.61
382,2014,Kittson,Rural,4370.0,448.0,10.25,10.24,18.18,33.33,0.0,,0.0,12.5,10.28,7.69
383,2014,Koochiching,Rural,12834.0,2037.0,15.87,14.03,100.0,36.01,57.14,,,40.2,14.04,0.0
384,2014,Lac qui Parle,Rural,6938.0,574.0,8.27,7.93,0.0,84.62,11.29,,44.44,8.97,8.0,3.6
385,2014,Lake,Rural,10568.0,1430.0,13.53,12.9,100.0,16.67,,,53.33,32.29,12.99,20.34
386,2014,Lake of the Woods,Rural,3922.0,281.0,7.16,7.15,0.0,66.67,0.0,,,3.79,7.15,0.0
387,2014,Le Sueur,Rural,27412.0,2498.0,9.11,8.33,75.62,28.3,2.07,,13.97,29.13,7.74,24.4
388,2014,Lincoln,Rural,5650.0,546.0,9.66,9.77,0.0,42.86,0.0,,5.71,0.0,9.69,10.87
389,2014,Lyon,Rural,24577.0,3433.0,13.97,11.3,26.28,63.57,24.54,,63.71,23.65,10.59,46.24
390,2014,McLeod,Rural,35599.0,2786.0,7.83,7.1,70.77,9.76,2.16,,24.82,16.56,6.69,27.17
391,2014,Mahnomen,Rural,5405.0,1445.0,26.73,12.76,83.87,41.13,26.09,0.0,10.0,35.48,11.77,60.74
392,2014,Marshall,Rural,9298.0,718.0,7.72,7.49,47.83,5.0,26.67,,35.29,8.16,7.63,7.16
393,2014,Martin,Rural,20215.0,2148.0,10.63,10.37,46.58,47.06,8.49,,43.75,12.56,9.72,29.55
394,2014,Meeker,Rural,22725.0,2333.0,10.27,10.16,18.18,61.4,8.14,0.0,0.0,10.3,9.34,36.29
395,2014,Mille Lacs,Rural,25299.0,3235.0,12.79,11.2,8.93,37.35,0.0,,24.64,21.85,11.01,26.25
396,2014,Morrison,Rural,32597.0,3938.0,12.08,11.82,63.41,0.0,6.83,,58.95,9.46,11.8,22.3
397,2014,Mower,Rural,38740.0,5758.0,14.86,14.34,39.15,71.79,8.41,0.0,13.48,13.42,11.04,40.41
398,2014,Murray,Rural,8446.0,844.0,9.99,9.82,14.29,35.71,26.53,0.0,10.81,14.74,9.29,25.19
399,2014,Nicollet,Rural,30526.0,3263.0,10.69,9.13,44.47,56.06,2.25,,45.73,32.56,9.0,19.59
400,2014,Nobles,Rural,21249.0,3448.0,16.23,11.93,49.59,0.0,33.79,0.0,32.95,31.54,9.06,24.69
401,2014,Norman,Rural,6566.0,856.0,13.04,11.84,17.24,39.2,0.0,41.67,78.43,17.03,11.47,34.77
402,2014,Olmsted,Urban,144962.0,12650.0,8.73,7.04,38.6,7.14,6.57,0.0,14.53,12.36,6.56,16.61
403,2014,Otter Tail,Rural,56243.0,6211.0,11.04,10.17,67.93,27.69,22.76,37.5,0.0,29.03,10.04,15.29
404,2014,Pennington,Rural,13755.0,1235.0,8.98,7.77,30.14,51.72,11.69,0.0,0.0,26.92,7.7,12.56
405,2014,Pine,Rural,27593.0,4198.0,15.21,14.33,31.78,30.03,31.45,,56.36,23.67,14.04,42.52
406,2014,Pipestone,Rural,9181.0,1078.0,11.74,9.07,87.36,24.73,0.0,0.0,89.29,48.68,8.81,56.82
407,2014,Polk,Urban,30408.0,3957.0,13.01,12.29,18.77,41.37,3.68,0.0,7.67,33.12,11.55,25.11
408,2014,Pope,Rural,10724.0,1033.0,9.63,9.58,4.08,11.63,9.09,,100.0,0.0,9.53,27.03
409,2014,Ramsey,Urban,507466.0,85504.0,16.85,9.88,38.24,37.02,29.15,25.53,27.53,30.67,8.76,26.79
410,2014,Red Lake,Rural,4033.0,477.0,11.83,11.77,33.33,18.87,0.0,,8.7,0.0,10.81,41.03
411,2014,Redwood,Rural,15536.0,1654.0,10.65,8.89,20.65,24.78,32.48,,20.59,7.56,8.69,25.52
412,2014,Renville,Rural,14989.0,1791.0,11.95,10.93,74.26,45.74,16.87,,17.63,25.89,10.35,20.0
413,2014,Rice,Rural,56504.0,6651.0,11.77,10.13,72.06,0.93,23.46,0.0,7.63,30.43,8.75,25.5
414,2014,Rock,Rural,9377.0,1274.0,13.59,12.73,53.33,42.86,32.58,,57.14,35.71,11.56,67.27
415,2014,Roseau,Rural,15256.0,1572.0,10.3,9.39,25.33,46.36,15.91,,0.0,32.09,9.31,15.83
416,2014,St. Louis,Urban,192344.0,32742.0,17.02,15.02,62.15,44.58,28.4,0.0,17.55,41.64,14.95,24.21
417,2014,Scott,Urban,133665.0,7616.0,5.7,4.26,24.65,20.59,5.19,0.0,34.96,13.61,4.0,20.89
418,2014,Sherburne,Urban,87656.0,6826.0,7.79,7.16,35.32,0.95,6.44,0.0,32.43,16.31,6.99,15.07
419,2014,Sibley,Rural,14858.0,1609.0,10.83,10.63,15.62,0.0,24.53,,12.37,19.29,8.63,34.27
420,2014,Stearns,Urban,144137.0,19332.0,13.41,11.42,49.9,36.8,21.3,0.0,37.56,21.31,10.89,39.38
421,2014,Steele,Rural,35848.0,3932.0,10.97,8.54,73.15,54.17,25.87,,19.64,34.16,7.85,23.06
422,2014,Stevens,Rural,9244.0,1590.0,17.2,15.11,33.33,57.84,51.3,100.0,23.39,43.3,14.55,41.38
423,2014,Swift,Rural,9425.0,983.0,10.43,9.81,47.67,80.56,72.0,,0.0,0.0,9.41,19.26
424,2014,Todd,Rural,24226.0,3893.0,16.07,16.47,42.03,15.85,7.23,,2.9,11.75,15.47,25.21
425,2014,Traverse,Rural,3363.0,312.0,9.28,7.23,100.0,25.48,,,0.0,62.12,7.23,38.18
426,2014,Wabasha,Urban,21271.0,1612.0,7.58,7.32,5.56,15.56,6.15,,0.0,33.64,6.98,17.96
427,2014,Wadena,Rural,13455.0,2308.0,17.15,16.05,46.32,46.21,25.64,,0.0,63.77,15.73,34.15
428,2014,Waseca,Rural,17926.0,1770.0,9.87,8.83,79.86,0.0,2.63,,2.22,10.5,7.68,36.2
429,2014,Washington,Urban,240868.0,13734.0,5.7,4.9,18.49,8.81,4.93,0.0,14.65,15.15,4.58,16.05
430,2014,Watonwan,Rural,10990.0,1083.0,9.85,9.64,9.64,13.04,7.32,0.0,19.64,4.55,8.19,15.49
431,2014,Wilkin,Rural,6386.0,585.0,9.16,9.07,52.38,0.0,0.0,,0.0,13.1,8.97,12.67
432,2014,Winona,Rural,47160.0,7109.0,15.07,14.46,64.53,16.23,9.13,0.0,0.0,34.46,14.15,21.42
433,2014,Wright,Urban,126373.0,7950.0,6.29,6.11,25.86,12.05,0.93,100.0,8.82,5.29,5.93,12.95
434,2014,Yellow Medicine,Rural,10006.0,1318.0,13.17,11.44,50.0,41.25,9.09,,46.15,28.33,10.41,57.91
435,2015,Aitkin,Rural,15586.0,1937.0,12.43,11.96,16.33,26.87,10.2,100.0,0.0,21.02,12.03,4.22
436,2015,Anoka,Urban,335395.0,25925.0,7.73,5.9,26.28,20.05,8.13,25.22,19.91,20.52,5.71,19.76
437,2015,Becker,Rural,32603.0,4160.0,12.76,10.31,57.82,34.72,6.49,16.67,2.48,25.0,10.25,25.58
438,2015,Beltrami,Rural,43119.0,8118.0,18.83,13.22,37.46,36.98,12.21,60.0,45.87,20.67,12.85,62.18
439,2015,Benton,Urban,38593.0,5732.0,14.85,12.82,49.32,79.58,42.12,,25.58,47.56,12.36,34.06
440,2015,Big Stone,Rural,4997.0,719.0,14.39,13.48,0.0,27.27,100.0,,0.0,72.86,13.07,57.41
441,2015,Blue Earth,Rural,61509.0,11745.0,19.09,17.22,53.32,37.09,22.39,0.0,55.6,41.95,16.65,42.51
442,2015,Brown,Rural,24160.0,1887.0,7.81,7.4,38.95,6.52,1.25,0.0,33.86,21.43,6.81,25.9
443,2015,Carlton,Urban,34410.0,4727.0,13.74,10.76,58.88,42.4,77.6,0.0,20.41,26.22,10.56,26.68
444,2015,Carver,Urban,94781.0,4172.0,4.4,4.17,6.35,40.29,1.91,62.71,8.81,10.27,3.67,16.65
445,2015,Cass,Rural,28074.0,4656.0,16.58,11.93,48.78,45.8,36.17,0.0,41.67,37.09,11.86,26.98
446,2015,Chippewa,Rural,11923.0,1454.0,12.19,10.56,71.59,13.18,23.33,31.67,36.44,47.42,10.9,21.2
447,2015,Chisago,Urban,52311.0,2889.0,5.52,5.39,24.37,8.63,1.03,0.0,10.78,7.25,5.4,6.22
448,2015,Clay,Urban,56914.0,7202.0,12.65,10.97,37.71,47.64,55.38,0.0,20.06,22.63,10.44,25.35
449,2015,Clearwater,Rural,8595.0,1451.0,16.88,14.0,18.18,37.38,8.11,0.0,75.0,37.42,14.16,21.64
450,2015,Cook,Rural,5150.0,588.0,11.42,10.04,0.0,23.5,22.92,0.0,0.0,32.17,10.1,2.27
451,2015,Cottonwood,Rural,11329.0,1905.0,16.82,12.27,64.62,40.74,42.14,100.0,95.59,16.85,11.88,62.06
452,2015,Crow Wing,Rural,62283.0,7028.0,11.28,10.77,34.76,21.17,21.2,,29.27,30.06,10.44,38.17
453,2015,Dakota,Urban,405771.0,31270.0,7.71,5.5,25.05,20.1,10.83,7.84,29.26,14.51,4.96,22.9
454,2015,Dodge,Urban,20173.0,1342.0,6.65,6.29,42.59,0.0,18.28,,23.29,11.29,5.52,23.19
455,2015,Douglas,Rural,35993.0,3438.0,9.55,9.29,24.62,24.68,7.87,,85.94,10.53,9.16,30.89
456,2015,Faribault,Rural,13867.0,1878.0,13.54,13.51,8.0,13.33,30.51,,29.82,2.5,12.17,35.43
457,2015,Fillmore,Rural,20452.0,2280.0,11.15,10.79,40.79,27.27,7.41,100.0,26.83,42.86,10.51,35.74
458,2015,Freeborn,Rural,30372.0,3679.0,12.11,11.36,58.97,42.86,15.1,0.0,17.46,18.48,9.87,26.09
459,2015,Goodhue,Rural,45472.0,5104.0,11.22,9.7,71.82,44.17,7.17,,21.54,44.17,9.53,19.36
460,2015,Grant,Rural,5887.0,533.0,9.05,9.1,,0.0,33.33,,9.09,3.03,8.89,21.65
461,2015,Hennepin,Urban,1175446.0,146382.0,12.45,7.73,36.04,31.84,12.19,31.0,25.51,18.21,7.04,22.44
462,2015,Houston,Urban,18546.0,2031.0,10.95,10.38,73.68,42.59,0.0,,3.45,31.74,10.08,44.3
463,2015,Hubbard,Rural,20389.0,2368.0,11.61,10.87,72.0,28.5,7.14,100.0,0.0,18.67,10.9,6.86
464,2015,Isanti,Urban,37831.0,2802.0,7.41,6.98,56.73,30.2,7.02,,0.63,8.81,6.98,4.87
465,2015,Itasca,Rural,44350.0,6018.0,13.57,12.53,13.29,23.4,17.51,82.76,47.97,34.2,12.32,41.78
466,2015,Jackson,Rural,10065.0,1085.0,10.78,9.92,100.0,11.11,26.59,0.0,32.82,31.03,9.36,35.15
467,2015,Kanabec,Rural,15824.0,2242.0,14.17,13.64,59.7,25.32,43.4,,85.0,15.61,13.17,47.88
468,2015,Kandiyohi,Rural,41796.0,4877.0,11.67,8.76,72.58,43.04,15.52,,20.68,33.56,7.79,20.49
469,2015,Kittson,Rural,4354.0,474.0,10.89,10.9,20.0,42.86,0.0,,0.0,3.23,11.0,5.06
470,2015,Koochiching,Rural,12739.0,1937.0,15.21,13.49,100.0,29.31,58.11,,,36.67,13.5,0.0
471,2015,Lac qui Parle,Rural,6873.0,561.0,8.16,7.88,0.0,84.0,8.77,,33.33,9.09,7.79,11.67
472,2015,Lake,Rural,10531.0,1364.0,12.95,12.47,100.0,20.0,,0.0,53.19,25.12,12.57,18.94
473,2015,Lake of the Woods,Rural,3892.0,363.0,9.33,9.4,0.0,55.56,0.0,,,5.37,9.4,0.0
474,2015,Le Sueur,Rural,27383.0,2482.0,9.06,8.41,89.02,25.0,1.49,,13.04,13.12,7.48,27.33
475,2015,Lincoln,Rural,5636.0,524.0,9.3,9.44,0.0,10.81,0.0,,3.08,0.0,9.4,6.19
476,2015,Lyon,Rural,24552.0,3456.0,14.08,11.91,27.01,48.84,22.33,,54.14,17.29,10.81,47.78
477,2015,McLeod,Rural,35449.0,2866.0,8.08,7.62,28.87,6.02,18.75,,27.89,10.54,7.07,25.04
478,2015,Mahnomen,Rural,5416.0,1350.0,24.93,13.29,80.65,36.06,29.17,0.0,12.82,36.27,12.01,60.26
479,2015,Marshall,Rural,9314.0,734.0,7.88,7.68,45.45,6.9,16.67,0.0,43.33,6.78,7.6,11.94
480,2015,Martin,Rural,20047.0,2286.0,11.4,11.06,67.74,41.18,10.0,,38.89,16.58,10.38,30.83
481,2015,Meeker,Rural,22691.0,2282.0,10.06,9.91,13.33,71.74,8.25,0.0,3.77,12.92,9.3,29.15
482,2015,Mille Lacs,Rural,25235.0,3080.0,12.21,10.97,7.45,33.2,0.0,,29.03,16.61,10.63,29.98
483,2015,Morrison,Rural,32495.0,3687.0,11.35,10.92,93.37,0.0,9.04,,20.93,11.65,10.83,20.53
484,2015,Mower,Rural,38738.0,5410.0,13.97,13.34,32.45,78.05,7.3,0.0,20.41,17.34,10.8,33.76
485,2015,Murray,Rural,8386.0,771.0,9.19,8.51,46.67,92.59,27.03,0.0,22.64,21.74,7.94,27.84
486,2015,Nicollet,Rural,30728.0,3814.0,12.41,10.58,51.89,64.06,7.07,,43.69,38.21,10.26,24.85
487,2015,Nobles,Rural,21302.0,3320.0,15.59,11.2,33.06,24.24,37.78,28.57,33.4,29.53,8.73,23.71
488,2015,Norman,Rural,6543.0,846.0,12.93,11.71,17.65,33.57,0.0,41.67,61.9,20.0,11.44,31.72
489,2015,Olmsted,Urban,146331.0,13237.0,9.05,7.41,39.44,7.3,6.33,0.0,12.46,11.45,6.71,19.75
490,2015,Otter Tail,Rural,56451.0,5635.0,9.98,9.07,64.23,26.74,10.95,75.0,0.82,29.8,8.94,13.08
491,2015,Pennington,Rural,13833.0,1286.0,9.3,8.57,3.21,51.7,3.39,0.0,0.0,30.84,8.5,16.34
492,2015,Pine,Rural,27442.0,4015.0,14.63,13.77,35.27,31.22,37.12,,36.67,20.51,13.33,50.0
493,2015,Pipestone,Rural,9148.0,1182.0,12.92,11.1,85.98,28.23,0.0,0.0,4.24,56.18,10.78,33.56
494,2015,Polk,Urban,30383.0,3987.0,13.12,12.21,32.71,51.96,3.52,23.53,5.33,30.9,11.75,19.09
495,2015,Pope,Rural,10731.0,1011.0,9.42,9.15,3.77,6.12,7.69,,91.84,0.0,9.1,47.5
496,2015,Ramsey,Urban,513815.0,84589.0,16.46,9.46,37.76,33.28,29.05,28.29,28.37,26.51,8.38,25.87
497,2015,Red Lake,Rural,4026.0,431.0,10.71,10.54,0.0,7.69,0.0,,5.41,32.81,9.61,36.59
498,2015,Redwood,Rural,15443.0,1825.0,11.82,9.53,14.61,28.12,42.83,,64.52,7.14,9.19,36.06
499,2015,Renville,Rural,14817.0,1646.0,11.11,10.22,61.76,44.97,2.27,,8.33,44.12,9.81,14.91
500,2015,Rice,Rural,56526.0,6469.0,11.44,9.63,63.63,5.8,13.66,0.0,4.96,40.19,8.38,22.82
501,2015,Rock,Rural,9353.0,1067.0,11.41,10.01,65.31,45.61,47.19,,41.18,55.17,8.79,64.66
502,2015,Roseau,Rural,15365.0,1637.0,10.65,9.61,62.5,29.59,15.35,0.0,29.41,27.8,9.57,30.2
503,2015,St. Louis,Urban,192546.0,30869.0,16.03,14.22,62.84,38.93,30.51,0.0,12.43,35.79,14.21,17.75
504,2015,Scott,Urban,135587.0,7747.0,5.71,4.32,22.66,22.17,6.68,1.2,29.17,11.74,4.15,17.56
505,2015,Sherburne,Urban,88179.0,6966.0,7.9,7.37,29.55,12.53,11.51,0.0,0.0,13.44,7.31,7.51
506,2015,Sibley,Rural,14822.0,1584.0,10.69,10.31,45.83,0.0,42.55,,25.19,3.5,8.3,34.4
507,2015,Stearns,Urban,145280.0,19570.0,13.47,11.4,53.32,20.54,20.17,0.0,29.06,20.84,10.97,33.18
508,2015,Steele,Rural,35891.0,3721.0,10.37,7.65,78.4,34.38,15.35,,26.53,24.33,7.14,23.6
509,2015,Stevens,Rural,9396.0,1727.0,18.38,16.26,13.24,73.0,62.34,100.0,38.1,39.33,15.63,43.0
510,2015,Swift,Rural,9373.0,1167.0,12.45,11.06,80.13,77.78,75.0,,8.4,0.0,10.69,22.98
511,2015,Todd,Rural,24137.0,3548.0,14.7,14.98,21.31,11.25,3.96,,3.41,14.21,14.12,23.93
512,2015,Traverse,Rural,3337.0,341.0,10.22,7.01,78.57,37.14,,,0.0,66.67,6.94,45.9
513,2015,Wabasha,Urban,21180.0,1547.0,7.3,6.93,55.56,21.28,4.0,,0.0,28.37,6.62,18.81
514,2015,Wadena,Rural,13442.0,2211.0,16.45,15.47,51.61,47.86,13.75,,0.0,56.03,15.03,38.91
515,2015,Waseca,Rural,17849.0,1544.0,8.65,7.68,48.39,0.0,6.21,,4.6,21.76,6.45,37.11
516,2015,Washington,Urban,243064.0,13109.0,5.39,4.87,13.96,8.76,1.66,0.0,14.98,15.01,4.48,18.14
517,2015,Watonwan,Rural,10895.0,1182.0,10.85,10.06,90.91,8.33,3.94,,26.44,2.86,8.38,17.33
518,2015,Wilkin,Rural,6333.0,627.0,9.9,9.7,73.68,0.0,0.0,,0.0,20.48,9.91,0.0
519,2015,Winona,Rural,47071.0,6933.0,14.73,14.42,52.55,12.67,3.11,0.0,5.21,21.51,14.12,23.26
520,2015,Wright,Urban,127436.0,7846.0,6.16,6.01,23.29,11.26,0.46,37.5,8.01,5.36,5.79,14.19
521,2015,Yellow Medicine,Rural,9861.0,1175.0,11.92,10.27,78.95,39.31,36.67,,16.31,21.59,9.84,33.0
522,2016,Aitkin,Rural,15467.0,1978.0,12.79,12.42,14.58,24.54,9.62,100.0,0.0,19.23,12.44,12.29
523,2016,Anoka,Urban,337908.0,24864.0,7.36,5.48,26.66,14.49,8.52,18.37,24.13,16.58,5.26,19.38
524,2016,Becker,Rural,32847.0,4209.0,12.81,10.2,46.62,34.6,27.27,0.0,3.39,27.65,10.13,17.89
525,2016,Beltrami,Rural,43159.0,8247.0,19.11,13.44,34.02,36.63,14.73,63.64,51.35,23.14,13.08,59.8
526,2016,Benton,Urban,38792.0,5220.0,13.46,11.92,19.68,79.04,47.14,,0.0,46.88,11.43,33.72
527,2016,Big Stone,Rural,4958.0,562.0,11.34,10.9,0.0,,,,0.0,57.45,10.73,29.51
528,2016,Blue Earth,Rural,62015.0,11323.0,18.26,16.36,51.25,22.22,26.47,0.0,39.77,39.27,15.94,36.21
529,2016,Brown,Rural,24128.0,1925.0,7.98,7.61,68.42,6.38,1.41,0.0,28.57,21.18,7.28,19.33
530,2016,Carlton,Urban,34478.0,4507.0,13.07,10.38,50.24,37.22,70.24,0.0,20.37,25.35,10.25,20.61
531,2016,Carver,Urban,96212.0,3957.0,4.11,3.97,7.03,28.91,3.48,61.22,10.0,4.95,3.49,15.91
532,2016,Cass,Rural,28161.0,4468.0,15.87,11.09,35.71,46.75,24.54,0.0,13.89,36.4,11.02,20.43
533,2016,Chippewa,Rural,11875.0,1285.0,10.82,9.62,69.81,17.42,8.64,32.31,19.72,35.38,9.74,17.48
534,2016,Chisago,Urban,52467.0,3137.0,5.98,5.79,26.29,20.18,0.57,0.0,7.0,10.77,5.81,4.59
535,2016,Clay,Urban,57332.0,6827.0,11.91,10.57,38.89,36.02,38.43,0.0,18.25,17.76,10.08,24.1
536,2016,Clearwater,Rural,8591.0,1435.0,16.7,13.84,24.0,40.76,10.0,0.0,33.33,25.26,13.99,13.7
537,2016,Cook,Rural,5171.0,617.0,11.93,10.83,0.0,19.48,25.0,0.0,0.0,33.33,10.9,1.03
538,2016,Cottonwood,Rural,11264.0,1802.0,16.0,12.67,46.15,44.9,35.44,100.0,73.83,10.94,12.26,52.49
539,2016,Crow Wing,Rural,62503.0,6531.0,10.45,9.83,24.52,35.17,8.13,,0.0,31.2,9.72,16.31
540,2016,Dakota,Urban,408652.0,29265.0,7.16,5.07,23.29,17.7,10.61,9.62,27.45,11.78,4.62,20.68
541,2016,Dodge,Urban,20228.0,1341.0,6.63,6.12,46.97,0.0,7.3,,41.77,14.18,5.48,26.52
542,2016,Douglas,Rural,36269.0,3141.0,8.66,8.34,25.5,35.0,11.39,,38.85,9.75,8.23,28.17
543,2016,Faribault,Rural,13718.0,1728.0,12.6,12.44,0.0,,48.94,,23.08,10.36,10.8,37.68
544,2016,Fillmore,Rural,20488.0,2476.0,12.09,11.68,35.9,41.67,7.69,100.0,30.3,49.66,11.26,44.36
545,2016,Freeborn,Rural,30218.0,3383.0,11.2,10.31,73.0,22.86,13.67,0.0,13.88,11.99,8.9,24.11
546,2016,Goodhue,Rural,45549.0,4980.0,10.93,9.62,64.49,40.62,4.08,,10.34,38.38,9.5,14.45
547,2016,Grant,Rural,5877.0,676.0,11.5,11.56,100.0,0.0,42.86,,41.67,3.12,11.03,43.81
548,2016,Hennepin,Urban,1186944.0,141453.0,11.92,7.36,34.1,26.18,11.34,28.63,24.36,18.32,6.78,21.34
549,2016,Houston,Urban,18517.0,1910.0,10.31,9.88,37.88,51.28,0.0,0.0,6.67,29.08,9.36,64.88
550,2016,Hubbard,Rural,20464.0,2363.0,11.55,10.49,68.91,43.7,12.0,100.0,0.0,13.58,10.29,18.28
551,2016,Isanti,Urban,37939.0,2732.0,7.2,7.02,60.19,12.05,5.81,,0.69,1.35,7.05,3.78
552,2016,Itasca,Rural,44263.0,5886.0,13.3,12.26,11.04,24.57,15.96,0.0,25.77,37.36,12.09,41.63
553,2016,Jackson,Rural,9996.0,895.0,8.95,8.66,100.0,0.0,15.25,0.0,17.2,11.58,8.16,25.53
554,2016,Kanabec,Rural,15741.0,2130.0,13.53,12.77,55.56,28.39,34.21,100.0,86.21,28.91,12.46,43.27
555,2016,Kandiyohi,Rural,41813.0,4732.0,11.32,7.66,78.69,40.71,9.09,,19.58,29.25,6.88,19.43
556,2016,Kittson,Rural,4302.0,481.0,11.18,10.83,30.0,22.22,76.47,,0.0,16.0,11.03,0.0
557,2016,Koochiching,Rural,12641.0,2139.0,16.92,14.9,100.0,35.48,69.39,,,52.53,14.92,0.0
558,2016,Lac qui Parle,Rural,6783.0,574.0,8.46,8.27,0.0,0.0,11.11,,80.77,9.09,8.14,26.21
559,2016,Lake,Rural,10496.0,1255.0,11.96,11.23,59.49,23.21,,0.0,47.73,25.44,11.34,14.29
560,2016,Lake of the Woods,Rural,3842.0,312.0,8.12,8.22,,0.0,0.0,,,8.67,8.22,0.0
561,2016,Le Sueur,Rural,27367.0,2339.0,8.55,7.95,86.85,17.2,0.0,0.0,6.74,8.19,6.69,29.59
562,2016,Lincoln,Rural,5620.0,652.0,11.6,11.33,0.0,13.16,0.0,,2.56,64.86,11.31,6.67
563,2016,Lyon,Rural,24497.0,3396.0,13.86,10.96,27.36,9.09,22.75,,76.09,24.34,10.18,53.63
564,2016,McLeod,Rural,35461.0,2885.0,8.14,7.66,50.0,0.0,17.19,,30.8,3.2,7.18,23.96
565,2016,Mahnomen,Rural,5396.0,1209.0,22.41,11.81,73.68,32.56,29.17,0.0,8.11,31.67,10.55,55.25
566,2016,Marshall,Rural,9318.0,698.0,7.49,7.38,11.76,7.69,5.0,0.0,29.63,10.29,7.11,15.14
567,2016,Martin,Rural,19881.0,2308.0,11.61,11.45,27.27,50.0,10.53,0.0,84.85,9.36,10.88,28.93
568,2016,Meeker,Rural,22630.0,2116.0,9.35,9.18,6.14,75.93,4.55,0.0,2.82,16.91,8.66,25.91
569,2016,Mille Lacs,Rural,25218.0,2970.0,11.78,10.54,15.46,33.04,0.0,,5.88,16.69,10.36,17.2
570,2016,Morrison,Rural,32418.0,3801.0,11.72,10.95,93.89,0.0,48.5,,33.08,14.81,10.88,25.0
571,2016,Mower,Rural,38712.0,5403.0,13.96,13.48,30.42,36.67,6.36,0.0,8.36,18.41,10.25,37.41
572,2016,Murray,Rural,8303.0,761.0,9.17,8.49,60.0,92.0,11.29,0.0,30.77,21.62,8.09,22.81
573,2016,Nicollet,Rural,30865.0,3655.0,11.84,10.28,48.89,57.75,12.54,,12.13,29.71,10.15,13.47
574,2016,Nobles,Rural,21312.0,3004.0,14.1,11.34,26.58,35.16,28.38,30.0,20.15,28.94,8.31,21.55
575,2016,Norman,Rural,6491.0,761.0,11.72,11.12,20.0,22.45,0.0,35.71,57.38,8.96,10.7,32.19
576,2016,Olmsted,Urban,147717.0,13635.0,9.23,7.35,42.72,6.63,6.52,0.0,13.83,9.88,6.55,22.02
577,2016,Otter Tail,Rural,56734.0,5497.0,9.69,8.85,65.78,31.87,7.05,85.71,0.68,17.91,8.71,11.04
578,2016,Pennington,Rural,13884.0,1211.0,8.72,8.46,4.25,13.41,14.81,0.0,0.0,25.0,8.66,4.49
579,2016,Pine,Rural,27297.0,3737.0,13.69,13.18,3.72,28.42,18.33,,25.93,20.13,12.69,43.88
580,2016,Pipestone,Rural,9072.0,1155.0,12.73,11.12,76.79,8.06,0.0,,4.13,55.61,10.63,38.14
581,2016,Polk,Urban,30389.0,3950.0,13.0,11.67,46.43,51.69,2.92,25.0,15.36,30.93,11.18,20.32
582,2016,Pope,Rural,10755.0,1026.0,9.54,9.16,14.29,6.82,10.53,,80.7,7.62,9.15,40.77
583,2016,Ramsey,Urban,517710.0,82252.0,15.89,8.93,35.98,35.82,28.71,17.61,24.84,25.53,7.89,24.84
584,2016,Red Lake,Rural,4010.0,418.0,10.42,10.15,0.0,9.09,0.0,,14.81,30.88,9.46,30.23
585,2016,Redwood,Rural,15245.0,1767.0,11.59,9.55,5.95,23.75,51.43,,20.14,4.11,9.34,25.33
586,2016,Renville,Rural,14628.0,1533.0,10.48,10.01,0.0,36.18,2.67,,12.63,17.47,9.64,15.65
587,2016,Rice,Rural,57036.0,6678.0,11.71,9.72,56.76,6.49,13.64,0.0,11.35,32.13,8.33,26.25
588,2016,Rock,Rural,9337.0,998.0,10.69,9.59,31.51,41.94,40.91,,24.44,54.17,9.78,11.93
589,2016,Roseau,Rural,15365.0,1286.0,8.37,7.52,62.62,15.12,13.38,0.0,40.0,17.24,7.51,26.38
590,2016,St. Louis,Urban,192381.0,29875.0,15.53,13.69,62.17,40.05,31.68,0.0,3.45,35.39,13.68,17.79
591,2016,Scott,Urban,137786.0,7905.0,5.74,4.61,16.75,22.44,7.05,1.16,24.42,6.55,4.43,17.65
592,2016,Sherburne,Urban,88936.0,6382.0,7.18,6.04,41.45,15.38,20.5,0.0,41.22,16.25,5.97,16.0
593,2016,Sibley,Rural,14757.0,1442.0,9.77,9.45,29.51,0.0,53.61,33.33,15.32,0.0,7.48,31.72
594,2016,Stearns,Urban,146377.0,19983.0,13.65,11.21,53.37,19.79,18.63,0.0,28.65,22.54,10.91,28.64
595,2016,Steele,Rural,35963.0,3396.0,9.44,7.09,50.05,63.64,5.88,,30.45,19.92,6.76,23.98
596,2016,Stevens,Rural,9391.0,1637.0,17.43,15.5,6.67,59.31,36.29,100.0,90.62,57.33,15.34,30.8
597,2016,Swift,Rural,9341.0,1155.0,12.36,10.91,83.53,75.0,64.71,,8.63,0.0,10.55,20.35
598,2016,Todd,Rural,24053.0,3253.0,13.52,13.63,21.54,0.0,4.5,,5.52,16.74,12.78,24.15
599,2016,Traverse,Rural,3305.0,305.0,9.23,7.26,84.62,13.14,,,0.0,67.5,7.18,8.45
600,2016,Wabasha,Urban,21125.0,1399.0,6.62,6.16,56.52,19.61,10.23,,0.0,27.08,6.26,4.18
601,2016,Wadena,Rural,13430.0,2081.0,15.5,14.44,57.01,40.17,25.71,,0.0,47.5,14.14,29.61
602,2016,Waseca,Rural,17757.0,1387.0,7.81,6.7,65.61,0.0,13.98,,13.67,5.98,6.58,11.37
603,2016,Washington,Urban,244976.0,12496.0,5.1,4.56,13.68,5.16,2.91,0.0,9.1,13.45,4.3,14.06
604,2016,Watonwan,Rural,10855.0,1272.0,11.72,10.99,91.43,22.73,1.53,,16.64,0.0,8.48,20.49
605,2016,Wilkin,Rural,6288.0,577.0,9.18,8.88,47.37,0.0,,,0.0,18.38,8.97,0.0
606,2016,Winona,Rural,47016.0,6539.0,13.91,13.65,46.5,9.4,3.46,0.0,4.39,18.65,13.46,19.05
607,2016,Wright,Urban,128708.0,7150.0,5.56,5.3,25.75,0.49,0.07,33.33,10.04,8.38,5.0,17.13
608,2016,Yellow Medicine,Rural,9838.0,1115.0,11.33,10.04,82.61,35.38,52.46,,5.22,14.5,9.72,26.63
609,2017,Aitkin,Rural,15602.0,1895.0,12.15,11.44,28.07,25.62,1.61,100.0,0.0,33.33,11.42,14.07
610,2017,Anoka,Urban,341535.0,22428.0,6.57,5.04,19.33,12.9,7.7,18.48,19.3,15.59,4.92,15.22
611,2017,Becker,Rural,33013.0,4191.0,12.69,10.24,28.66,33.12,22.28,0.0,8.06,27.83,9.95,29.54
612,2017,Beltrami,Rural,43260.0,8203.0,18.96,13.05,47.06,36.71,20.51,0.0,8.96,26.69,12.92,44.1
613,2017,Benton,Urban,38663.0,5445.0,14.08,12.25,34.62,77.24,61.18,,0.0,31.44,11.5,42.94
614,2017,Big Stone,Rural,4909.0,574.0,11.69,11.76,0.0,,,,0.0,0.0,11.8,8.45
615,2017,Blue Earth,Rural,62381.0,11321.0,18.15,16.09,50.6,24.62,33.57,0.0,30.12,38.62,15.73,30.96
616,2017,Brown,Rural,24043.0,1944.0,8.09,6.83,72.92,7.55,0.0,0.0,63.33,20.0,6.44,39.67
617,2017,Carlton,Urban,34214.0,4123.0,12.05,9.72,48.14,34.87,32.95,,13.7,24.54,9.56,21.69
618,2017,Carver,Urban,97846.0,3934.0,4.02,3.85,6.23,17.65,6.39,100.0,7.65,3.53,3.42,14.47
619,2017,Cass,Rural,28312.0,4339.0,15.33,10.53,50.53,42.88,19.32,0.0,25.0,45.35,10.48,21.56
620,2017,Chippewa,Rural,11798.0,1307.0,11.08,9.98,58.06,13.29,8.05,33.06,23.11,30.16,10.01,19.31
621,2017,Chisago,Urban,52740.0,2871.0,5.44,5.11,27.78,10.14,15.32,81.82,7.14,10.35,5.05,8.15
622,2017,Clay,Urban,58044.0,7236.0,12.47,10.82,45.53,32.65,45.74,0.0,12.35,17.26,10.4,21.7
623,2017,Clearwater,Rural,8639.0,1549.0,17.93,14.94,33.33,48.1,0.0,0.0,10.0,19.76,15.16,8.09
624,2017,Cook,Rural,5230.0,679.0,12.98,12.19,0.0,11.63,7.14,,30.91,43.2,12.03,29.63
625,2017,Cottonwood,Rural,11157.0,1744.0,15.63,11.97,35.82,46.43,41.54,13.79,71.43,15.56,11.12,56.82
626,2017,Crow Wing,Rural,62638.0,6043.0,9.65,9.21,29.33,21.12,7.66,,0.0,22.33,9.25,3.75
627,2017,Dakota,Urban,411985.0,28284.0,6.87,4.97,20.0,22.29,9.95,2.94,23.64,11.81,4.46,19.58
628,2017,Dodge,Urban,20343.0,1160.0,5.7,5.14,24.59,9.23,6.58,0.0,28.98,22.64,4.82,18.28
629,2017,Douglas,Rural,36326.0,3063.0,8.43,8.11,19.5,32.56,18.92,,27.86,11.59,8.0,26.58
630,2017,Faribault,Rural,13569.0,1556.0,11.47,11.36,0.0,0.0,25.0,,17.78,14.02,9.59,37.33
631,2017,Fillmore,Rural,20417.0,2309.0,11.31,10.93,27.72,37.5,9.9,100.0,63.16,41.96,10.33,52.56
632,2017,Freeborn,Rural,30052.0,3536.0,11.77,10.72,58.03,50.0,30.84,0.0,8.36,7.42,9.04,27.0
633,2017,Goodhue,Rural,45230.0,4870.0,10.77,9.37,53.89,50.12,7.14,,1.98,40.57,9.23,11.73
634,2017,Grant,Rural,5852.0,623.0,10.65,10.72,64.29,0.0,0.0,,0.0,1.87,10.13,38.14
635,2017,Hennepin,Urban,1201969.0,138478.0,11.52,6.97,32.8,30.3,11.01,35.23,23.79,16.63,6.52,19.71
636,2017,Houston,Urban,18427.0,1631.0,8.85,8.43,46.61,34.15,0.0,0.0,9.68,20.85,7.86,65.73
637,2017,Hubbard,Rural,20537.0,2216.0,10.79,9.68,35.39,42.42,10.69,,30.3,19.4,9.6,21.22
638,2017,Isanti,Urban,38061.0,2710.0,7.12,6.97,42.44,17.19,4.16,,0.58,6.24,6.94,7.58
639,2017,Itasca,Rural,44131.0,5553.0,12.58,11.71,20.39,22.76,13.44,0.0,22.5,31.37,11.6,31.57
640,2017,Jackson,Rural,9935.0,765.0,7.7,7.09,100.0,0.0,21.4,0.0,30.1,7.22,6.66,25.52
641,2017,Kanabec,Rural,15731.0,1820.0,11.57,10.74,51.61,25.69,23.61,100.0,92.86,28.37,10.56,39.43
642,2017,Kandiyohi,Rural,41810.0,4732.0,11.32,8.24,64.63,30.12,12.97,,17.35,13.36,7.41,18.36
643,2017,Kittson,Rural,4242.0,473.0,11.15,10.73,46.15,12.5,68.75,,0.0,8.7,10.95,0.0
644,2017,Koochiching,Rural,12465.0,2136.0,17.14,15.09,100.0,41.29,65.0,,,36.59,15.11,0.0
645,2017,Lac qui Parle,Rural,6719.0,628.0,9.35,8.94,0.0,0.0,3.45,,56.67,27.27,8.84,33.33
646,2017,Lake,Rural,10333.0,960.0,9.29,8.65,60.0,24.0,0.0,0.0,0.0,27.18,8.72,1.97
647,2017,Lake of the Woods,Rural,3784.0,280.0,7.4,7.64,,0.0,0.0,,,4.72,7.61,1.52
648,2017,Le Sueur,Rural,27540.0,2433.0,8.83,8.21,73.36,22.58,0.0,0.0,8.78,11.91,6.21,41.77
649,2017,Lincoln,Rural,5546.0,630.0,11.36,11.09,0.0,12.5,0.0,,0.0,65.71,11.13,4.17
650,2017,Lyon,Rural,24582.0,3374.0,13.73,10.86,25.0,14.13,24.14,100.0,71.17,27.43,10.01,50.8
651,2017,McLeod,Rural,35373.0,2964.0,8.38,7.69,47.31,0.0,17.76,,41.35,0.98,7.12,26.32
652,2017,Mahnomen,Rural,5382.0,1220.0,22.67,11.89,70.59,33.15,20.0,0.0,29.17,27.92,11.99,45.6
653,2017,Marshall,Rural,9325.0,724.0,7.76,7.66,0.0,5.26,0.0,0.0,44.64,2.86,7.28,21.27
654,2017,Martin,Rural,19773.0,2234.0,11.3,11.16,23.73,20.0,11.35,0.0,28.46,9.72,10.95,19.18
655,2017,Meeker,Rural,22666.0,1885.0,8.32,8.2,6.33,25.0,4.0,0.0,3.66,22.08,7.87,17.25
656,2017,Mille Lacs,Rural,25044.0,2869.0,11.46,10.43,6.49,29.92,0.0,0.0,8.33,17.43,10.19,18.84
657,2017,Morrison,Rural,32438.0,3711.0,11.44,10.63,92.86,7.59,54.22,,23.89,16.18,10.55,24.1
658,2017,Mower,Rural,38748.0,5050.0,13.03,12.46,28.81,7.14,6.44,,7.62,24.17,8.92,39.21
659,2017,Murray,Rural,8245.0,678.0,8.22,7.76,47.17,0.0,3.3,,57.14,22.22,7.7,14.29
660,2017,Nicollet,Rural,31085.0,3514.0,11.3,9.38,54.5,61.29,13.38,,12.2,29.03,9.07,17.98
661,2017,Nobles,Rural,21427.0,3379.0,15.77,11.68,30.0,41.67,26.59,25.0,31.11,38.44,8.11,27.56
662,2017,Norman,Rural,6425.0,770.0,11.98,11.96,13.79,2.21,0.0,,52.86,5.3,11.83,23.17
663,2017,Olmsted,Urban,149446.0,13530.0,9.05,7.11,41.52,7.71,5.35,0.0,15.87,9.53,6.39,19.79
664,2017,Otter Tail,Rural,56776.0,5350.0,9.42,8.6,66.75,27.4,0.56,83.33,1.38,14.2,8.47,9.95
665,2017,Pennington,Rural,13933.0,1440.0,10.34,10.46,1.46,10.95,6.2,0.0,0.0,14.81,10.47,10.37
666,2017,Pine,Rural,27253.0,3720.0,13.65,13.31,3.61,22.07,11.67,0.0,35.0,18.08,12.82,39.08
667,2017,Pipestone,Rural,9042.0,1069.0,11.82,10.24,73.95,16.84,0.0,,4.55,41.98,10.04,27.99
668,2017,Polk,Urban,30422.0,3763.0,12.37,11.36,34.19,33.73,1.9,10.53,15.51,28.05,10.7,21.54
669,2017,Pope,Rural,10720.0,847.0,7.9,7.48,16.28,11.76,0.0,,68.49,6.14,7.48,39.01
670,2017,Ramsey,Urban,523995.0,78410.0,14.96,8.39,32.88,35.74,26.23,13.45,22.37,25.43,7.59,21.65
671,2017,Red Lake,Rural,3990.0,377.0,9.45,9.33,0.0,6.67,0.0,,0.0,25.33,8.66,24.46
672,2017,Redwood,Rural,15083.0,1778.0,11.79,9.26,4.67,32.49,48.8,,36.36,0.0,9.24,30.69
673,2017,Renville,Rural,14434.0,1589.0,11.01,10.0,25.45,52.13,2.7,,17.22,18.02,9.79,16.92
674,2017,Rice,Rural,57203.0,6550.0,11.45,8.65,50.13,16.39,13.85,,33.5,22.75,8.05,26.14
675,2017,Rock,Rural,9192.0,1011.0,11.0,9.9,20.88,54.69,43.62,,31.71,54.0,10.0,15.0
676,2017,Roseau,Rural,15267.0,1411.0,9.24,7.85,63.08,33.14,25.85,0.0,33.33,12.99,7.88,23.53
677,2017,St. Louis,Urban,192322.0,29574.0,15.38,13.54,59.94,42.3,29.71,11.59,21.8,32.3,13.55,21.73
678,2017,Scott,Urban,139814.0,7872.0,5.63,4.42,15.75,16.54,6.65,1.54,25.17,7.83,4.25,17.87
679,2017,Sherburne,Urban,89781.0,5746.0,6.4,5.08,41.56,17.31,27.25,0.0,32.31,9.37,5.02,20.55
680,2017,Sibley,Rural,14726.0,1259.0,8.55,8.02,29.63,0.0,68.04,50.0,9.62,8.76,6.89,20.02
681,2017,Stearns,Urban,148016.0,19321.0,13.05,10.43,52.2,20.49,20.68,21.21,24.13,18.35,10.22,22.87
682,2017,Steele,Rural,36035.0,3583.0,9.94,7.23,53.42,63.64,0.69,0.0,38.93,19.8,6.99,25.3
683,2017,Stevens,Rural,9432.0,1454.0,15.42,13.56,5.88,58.85,43.33,100.0,80.95,24.59,13.24,31.87
684,2017,Swift,Rural,9308.0,1131.0,12.15,10.6,74.88,,66.67,75.0,7.3,0.0,10.4,15.8
685,2017,Todd,Rural,24126.0,3126.0,12.96,12.81,31.46,0.0,8.16,,7.77,23.74,12.47,17.94
686,2017,Traverse,Rural,3268.0,355.0,10.86,9.45,88.24,7.46,0.0,,9.09,62.32,8.17,56.96
687,2017,Wabasha,Urban,21290.0,1293.0,6.07,5.83,35.63,0.0,12.86,,0.0,14.33,5.89,4.53
688,2017,Wadena,Rural,13224.0,1977.0,14.95,13.57,76.35,36.79,13.21,,11.11,53.66,13.31,27.73
689,2017,Waseca,Rural,17620.0,1614.0,9.16,7.91,65.85,0.0,27.03,0.0,22.02,22.61,7.74,14.93
690,2017,Washington,Urban,247183.0,12251.0,4.96,4.31,14.58,9.61,3.93,4.58,8.39,12.07,3.99,14.62
691,2017,Watonwan,Rural,10796.0,1321.0,12.24,10.45,87.69,17.86,0.0,,26.5,0.0,9.31,20.09
692,2017,Wilkin,Rural,6208.0,614.0,9.89,9.55,0.0,0.0,,,0.0,41.73,9.57,0.0
693,2017,Winona,Rural,47116.0,6849.0,14.54,13.99,47.18,35.07,8.48,0.0,16.81,25.24,13.9,17.23
694,2017,Wright,Urban,129918.0,6551.0,5.04,5.07,4.9,4.83,0.0,33.33,8.84,4.88,4.91,11.5
695,2017,Yellow Medicine,Rural,9730.0,1215.0,12.49,10.32,72.0,41.1,70.0,,9.72,26.32,10.02,35.2
696,2018,Aitkin,Rural,15596.0,2021.0,12.96,12.59,31.08,27.24,5.26,14.29,0.0,14.34,12.56,13.74
697,2018,Anoka,Urban,344170.0,20963.0,6.09,4.84,18.83,9.34,5.93,0.0,11.26,12.91,4.71,10.88
698,2018,Becker,Rural,33208.0,4090.0,12.32,9.98,29.03,32.65,14.43,0.0,6.45,26.8,9.62,31.93
699,2018,Beltrami,Rural,43642.0,8054.0,18.45,12.6,49.01,35.25,13.93,0.0,6.0,30.26,12.65,30.85
700,2018,Benton,Urban,39054.0,4927.0,12.62,10.92,38.89,28.12,48.86,,0.0,25.71,10.3,32.47
701,2018,Big Stone,Rural,4879.0,557.0,11.42,11.52,,0.0,,,0.0,0.0,11.52,11.25
702,2018,Blue Earth,Rural,62924.0,11382.0,18.09,15.99,48.24,27.14,37.67,0.0,43.64,33.29,15.49,33.58
703,2018,Brown,Rural,24071.0,1878.0,7.8,6.65,14.04,8.33,0.0,,51.42,35.56,6.5,29.63
704,2018,Carlton,Urban,34179.0,4118.0,12.05,9.84,50.61,33.63,24.02,,12.82,23.67,9.65,23.89
705,2018,Carver,Urban,99482.0,3941.0,3.96,3.7,13.07,23.35,6.58,100.0,8.2,1.84,3.19,15.22
706,2018,Cass,Rural,28543.0,4154.0,14.55,10.27,35.56,40.02,10.0,0.0,22.5,40.13,10.25,18.91
707,2018,Chippewa,Rural,11765.0,1170.0,9.94,9.49,7.46,13.45,3.6,29.2,15.56,10.38,9.32,15.16
708,2018,Chisago,Urban,53177.0,2979.0,5.6,5.32,20.96,12.77,15.4,70.0,6.76,9.33,5.23,10.5
709,2018,Clay,Urban,58990.0,6828.0,11.57,9.68,46.23,38.61,39.14,0.0,11.78,14.42,9.38,17.04
710,2018,Clearwater,Rural,8619.0,1461.0,16.95,14.77,30.77,39.8,10.26,0.0,26.67,16.41,14.96,8.05
711,2018,Cook,Rural,5270.0,683.0,12.96,11.55,0.0,14.38,12.77,,71.7,40.0,11.39,47.06
712,2018,Cottonwood,Rural,11112.0,1386.0,12.47,8.57,44.87,65.62,33.84,19.23,66.44,23.57,7.89,49.94
713,2018,Crow Wing,Rural,62926.0,6622.0,10.52,10.03,27.58,33.46,2.73,,0.0,22.52,10.1,2.5
714,2018,Dakota,Urban,415650.0,26494.0,6.37,4.74,17.02,23.2,6.69,3.85,24.65,9.88,4.06,21.55
715,2018,Dodge,Urban,20425.0,1127.0,5.52,4.77,33.33,36.36,6.71,0.0,28.57,16.32,4.65,14.31
716,2018,Douglas,Rural,36685.0,3041.0,8.29,8.04,22.49,26.92,79.82,,9.35,1.18,7.73,29.6
717,2018,Faribault,Rural,13499.0,1569.0,11.62,11.63,0.0,7.41,10.26,,23.73,8.91,9.56,40.73
718,2018,Fillmore,Rural,20446.0,2245.0,10.98,10.51,31.37,20.0,6.6,100.0,84.31,33.14,10.36,29.87
719,2018,Freeborn,Rural,29943.0,3667.0,12.25,11.15,55.64,54.7,32.94,0.0,8.66,5.0,9.48,26.59
720,2018,Goodhue,Rural,45340.0,4483.0,9.89,8.61,38.31,46.4,5.68,,0.89,43.89,8.46,11.16
721,2018,Grant,Rural,5867.0,610.0,10.4,10.6,60.0,0.0,0.0,,0.0,0.0,9.94,37.5
722,2018,Hennepin,Urban,1212940.0,133772.0,11.03,6.72,31.1,29.3,10.12,38.84,22.05,14.78,6.26,18.97
723,2018,Houston,Urban,18380.0,1404.0,7.64,7.32,40.48,23.81,0.0,0.0,8.82,11.11,6.61,71.57
724,2018,Hubbard,Rural,20635.0,2256.0,10.93,9.63,46.32,35.57,9.68,,81.06,14.39,9.58,37.59
725,2018,Isanti,Urban,38495.0,2745.0,7.13,7.02,26.63,29.14,6.24,,1.61,5.67,6.79,19.75
726,2018,Itasca,Rural,44164.0,5856.0,13.26,11.98,19.86,35.15,18.34,0.0,17.24,29.66,11.86,31.6
727,2018,Jackson,Rural,9858.0,768.0,7.79,7.05,100.0,0.0,18.62,,35.88,8.43,6.42,35.44
728,2018,Kanabec,Rural,15744.0,1690.0,10.73,10.16,44.44,29.1,20.93,100.0,75.0,20.0,9.89,34.43
729,2018,Kandiyohi,Rural,41865.0,4413.0,10.54,7.59,54.7,35.67,10.08,,20.86,11.97,6.35,20.48
730,2018,Kittson,Rural,4186.0,443.0,10.58,10.15,39.29,6.67,73.33,,0.0,16.0,10.38,0.0
731,2018,Koochiching,Rural,12377.0,2029.0,16.39,14.36,100.0,41.57,50.0,,0.0,51.08,14.34,15.62
732,2018,Lac qui Parle,Rural,6643.0,566.0,8.52,7.91,0.0,0.0,25.45,,57.89,23.53,7.84,29.53
733,2018,Lake,Rural,10329.0,881.0,8.53,8.39,40.0,29.51,0.0,0.0,0.0,1.56,8.42,4.94
734,2018,Lake of the Woods,Rural,3754.0,347.0,9.24,8.59,100.0,0.0,0.0,,,21.0,8.57,1.59
735,2018,Le Sueur,Rural,27718.0,2431.0,8.77,8.25,84.44,28.0,1.45,0.0,4.19,4.04,6.39,35.78
736,2018,Lincoln,Rural,5528.0,573.0,10.37,10.29,0.0,5.26,0.0,,0.0,52.0,10.22,10.38
737,2018,Lyon,Rural,24594.0,3348.0,13.61,10.79,26.65,24.69,12.71,66.67,71.23,21.46,9.92,54.17
738,2018,McLeod,Rural,35438.0,3138.0,8.85,7.38,10.5,0.0,19.64,,68.7,1.27,6.92,36.77
739,2018,Mahnomen,Rural,5375.0,1122.0,20.87,10.51,7.14,33.09,0.0,0.0,40.0,22.61,10.84,16.28
740,2018,Marshall,Rural,9302.0,702.0,7.55,7.46,0.0,4.55,0.0,0.0,52.38,3.05,7.08,20.15
741,2018,Martin,Rural,19648.0,2614.0,13.3,12.45,49.09,10.0,42.67,30.77,53.54,19.33,11.99,35.61
742,2018,Meeker,Rural,22645.0,1721.0,7.6,7.43,0.0,8.33,3.77,0.0,13.91,24.11,7.37,10.17
743,2018,Mille Lacs,Rural,25147.0,3042.0,12.1,11.03,45.16,30.89,0.0,0.0,0.0,15.89,10.79,17.19
744,2018,Morrison,Rural,32529.0,3561.0,10.95,10.16,94.63,4.55,61.69,,14.09,20.8,10.12,17.58
745,2018,Mower,Rural,38893.0,4987.0,12.82,11.48,21.97,1.82,34.96,0.0,4.87,33.38,9.2,29.55
746,2018,Murray,Rural,8213.0,607.0,7.39,6.91,51.02,0.0,0.0,,54.55,19.51,6.58,20.31
747,2018,Nicollet,Rural,31430.0,3003.0,9.55,8.06,55.84,50.0,13.73,,2.31,3.26,7.49,19.73
748,2018,Nobles,Rural,21411.0,3061.0,14.3,12.06,12.52,35.88,24.01,28.57,22.45,42.23,8.13,24.47
749,2018,Norman,Rural,6393.0,661.0,10.34,9.77,57.14,4.82,0.0,,59.46,6.11,9.67,25.39
750,2018,Olmsted,Urban,150916.0,13490.0,8.94,6.78,41.18,8.06,6.53,0.0,14.33,10.35,6.22,16.46
751,2018,Otter Tail,Rural,56976.0,5250.0,9.21,8.39,61.77,29.86,0.0,88.89,1.1,17.47,7.98,17.9
752,2018,Pennington,Rural,13942.0,1370.0,9.83,9.49,3.14,21.36,6.43,0.0,5.41,21.96,9.36,12.72
753,2018,Pine,Rural,27304.0,3433.0,12.57,12.48,5.53,16.87,18.38,0.0,20.21,12.79,11.92,36.5
754,2018,Pipestone,Rural,9004.0,1020.0,11.33,10.1,74.8,48.05,0.0,,1.23,7.19,9.81,12.08
755,2018,Polk,Urban,30473.0,3841.0,12.6,11.32,35.73,29.31,6.15,17.65,27.48,30.07,10.67,24.15
756,2018,Pope,Rural,10765.0,784.0,7.28,6.93,22.5,4.55,0.0,,53.75,5.84,6.96,30.2
757,2018,Ramsey,Urban,527749.0,77330.0,14.65,8.19,32.11,40.09,25.17,12.5,20.52,24.39,7.34,20.74
758,2018,Red Lake,Rural,3974.0,389.0,9.79,8.84,0.0,11.32,0.0,,0.0,45.05,7.56,42.07
759,2018,Redwood,Rural,14969.0,1709.0,11.42,9.11,4.81,29.29,41.69,,30.94,16.9,9.05,30.06
760,2018,Renville,Rural,14338.0,1493.0,10.41,8.89,49.02,43.59,8.33,,22.3,13.64,8.92,18.81
761,2018,Rice,Rural,57628.0,6169.0,10.7,7.52,50.98,18.37,14.22,0.0,30.72,20.88,7.12,22.26
762,2018,Rock,Rural,9177.0,894.0,9.74,8.68,20.59,56.06,37.11,,30.95,50.0,8.78,13.51
763,2018,Roseau,Rural,15172.0,1481.0,9.76,8.03,75.78,33.6,28.5,0.0,24.14,16.67,8.04,27.47
764,2018,St. Louis,Urban,192176.0,28922.0,15.05,13.25,51.62,40.91,34.84,19.1,22.91,33.89,13.25,20.89
765,2018,Scott,Urban,141479.0,8218.0,5.81,4.63,22.46,21.91,6.91,1.71,8.75,8.99,4.25,12.86
766,2018,Sherburne,Urban,91074.0,6450.0,7.08,5.4,47.83,16.84,19.93,,38.06,22.92,5.34,23.25
767,2018,Sibley,Rural,14765.0,1051.0,7.12,6.61,22.52,0.0,60.0,40.0,6.76,9.84,6.15,11.58
768,2018,Stearns,Urban,149649.0,19532.0,13.05,10.06,51.93,14.46,21.09,66.67,23.67,20.63,9.91,19.89
769,2018,Steele,Rural,36162.0,3646.0,10.08,7.66,49.44,82.73,0.0,0.0,36.23,19.6,7.08,26.19
770,2018,Stevens,Rural,9462.0,1486.0,15.7,14.03,8.55,34.0,29.59,100.0,42.86,59.09,13.97,25.47
771,2018,Swift,Rural,9271.0,1223.0,13.19,11.49,63.44,,52.17,94.87,8.63,16.67,10.99,23.56
772,2018,Todd,Rural,24108.0,3214.0,13.33,12.96,53.68,0.0,4.31,0.0,11.14,27.99,12.42,21.42
773,2018,Traverse,Rural,3250.0,356.0,10.95,9.42,60.0,10.07,0.0,,11.11,66.67,8.13,51.69
774,2018,Wabasha,Urban,21286.0,1267.0,5.95,5.11,34.51,23.64,18.07,,62.4,0.33,5.06,32.33
775,2018,Wadena,Rural,13248.0,2023.0,15.27,14.16,76.76,39.62,0.0,,5.8,36.63,13.95,21.18
776,2018,Waseca,Rural,17670.0,1627.0,9.21,7.96,62.98,2.82,20.0,0.0,11.28,32.68,7.67,19.44
777,2018,Washington,Urban,249469.0,11666.0,4.68,4.1,12.85,14.01,3.45,8.05,11.35,9.98,3.84,12.72
778,2018,Watonwan,Rural,10835.0,1376.0,12.7,11.12,77.78,0.0,3.85,,22.2,0.0,8.95,21.95
779,2018,Wilkin,Rural,6179.0,576.0,9.32,8.24,0.0,0.0,,,0.0,53.98,8.27,0.0
780,2018,Winona,Rural,47133.0,6818.0,14.47,13.96,37.92,28.44,12.52,0.0,28.35,23.13,13.92,18.42
781,2018,Wright,Urban,131282.0,5850.0,4.46,4.54,5.89,7.66,0.0,0.0,0.09,3.36,4.45,5.8
782,2018,Yellow Medicine,Rural,9653.0,1297.0,13.44,11.17,79.63,42.94,70.97,,5.43,31.0,10.91,34.23
783,2019,Aitkin,Rural,15592.0,1896.0,12.16,12.0,25.0,23.1,0.0,0.0,0.0,11.22,11.88,15.21
784,2019,Anoka,Urban,346853.0,20427.0,5.89,4.61,16.56,10.49,7.11,0.0,11.84,12.82,4.51,10.61
785,2019,Becker,Rural,33430.0,3678.0,11.0,8.58,22.82,33.97,15.42,0.0,8.47,21.68,8.41,17.24
786,2019,Beltrami,Rural,43962.0,8306.0,18.89,12.31,67.91,35.27,12.2,0.0,100.0,36.3,12.43,37.43
787,2019,Benton,Urban,39449.0,4071.0,10.32,9.33,21.92,46.15,17.89,,5.28,23.27,9.13,18.43
788,2019,Big Stone,Rural,4853.0,491.0,10.12,10.36,,0.0,,,0.0,0.0,10.53,0.0
789,2019,Blue Earth,Rural,63316.0,11148.0,17.61,15.54,39.39,28.57,46.06,0.0,31.33,34.12,15.52,19.57
790,2019,Brown,Rural,24075.0,1670.0,6.94,5.84,12.94,14.67,17.39,,47.46,8.52,5.64,30.73
791,2019,Carlton,Urban,34105.0,3851.0,11.29,9.26,51.78,28.48,23.94,,27.27,27.28,9.13,22.99
792,2019,Carver,Urban,100951.0,4126.0,4.09,3.74,20.78,21.36,5.46,63.64,2.92,1.92,3.49,8.78
793,2019,Cass,Rural,28833.0,3909.0,13.56,9.7,35.37,37.34,10.33,0.0,10.71,31.52,9.58,20.8
794,2019,Chippewa,Rural,11724.0,1095.0,9.34,8.42,4.04,29.9,0.96,30.66,19.15,1.02,8.0,19.68
795,2019,Chisago,Urban,53761.0,3210.0,5.97,5.7,23.36,6.29,14.38,63.64,9.46,10.25,5.66,8.84
796,2019,Clay,Urban,59791.0,7329.0,12.26,10.05,50.47,33.15,33.28,87.84,8.82,15.08,9.95,14.37
797,2019,Clearwater,Rural,8619.0,1260.0,14.62,12.02,0.0,40.34,7.14,0.0,33.33,17.78,12.18,14.89
798,2019,Cook,Rural,5322.0,670.0,12.59,10.82,0.0,13.5,18.0,,58.97,40.74,10.62,51.22
799,2019,Cottonwood,Rural,11065.0,1214.0,10.97,8.88,40.59,88.89,47.43,0.0,6.4,31.29,8.21,18.16
800,2019,Crow Wing,Rural,63225.0,6810.0,10.77,10.33,39.51,23.61,1.15,,0.0,19.52,10.35,5.11
801,2019,Dakota,Urban,418832.0,25333.0,6.05,4.7,15.21,18.64,6.24,0.0,16.61,11.27,4.07,17.09
802,2019,Dodge,Urban,20505.0,1053.0,5.14,4.41,28.36,38.67,9.42,0.0,20.38,11.81,4.25,14.86
803,2019,Douglas,Rural,37037.0,2814.0,7.6,7.41,15.32,16.51,83.19,,5.31,1.4,7.18,20.49
804,2019,Faribault,Rural,13425.0,1543.0,11.49,11.31,0.0,4.0,13.73,,22.31,17.53,9.54,35.59
805,2019,Fillmore,Rural,20493.0,2201.0,10.74,10.27,26.17,100.0,5.71,100.0,60.92,29.59,10.14,29.09
806,2019,Freeborn,Rural,29923.0,3295.0,11.01,10.17,21.48,57.75,30.24,,4.8,16.22,9.37,17.46
807,2019,Goodhue,Rural,45342.0,4230.0,9.33,8.13,48.6,25.21,9.4,,0.85,41.57,8.07,6.9
808,2019,Grant,Rural,5868.0,566.0,9.65,9.74,29.41,0.0,0.0,0.0,0.0,6.35,9.3,31.58
809,2019,Hennepin,Urban,1223987.0,127872.0,10.45,6.29,29.15,30.61,9.64,8.96,20.52,14.07,5.94,17.7
810,2019,Houston,Urban,18378.0,1451.0,7.9,7.54,33.33,20.0,0.0,0.0,2.7,12.21,6.81,69.61
811,2019,Hubbard,Rural,20740.0,2452.0,11.82,10.24,40.8,33.09,12.14,,89.1,16.43,10.16,54.2
812,2019,Isanti,Urban,38942.0,2850.0,7.32,7.25,31.76,25.0,1.94,,1.49,7.94,6.94,21.03
813,2019,Itasca,Rural,44098.0,5376.0,12.19,10.77,22.92,34.89,25.73,0.0,1.39,31.68,10.79,17.47
814,2019,Jackson,Rural,9766.0,768.0,7.86,7.16,2.94,,28.37,,37.7,0.0,6.68,29.89
815,2019,Kanabec,Rural,15807.0,1578.0,9.98,9.49,30.3,29.49,16.3,100.0,77.27,18.46,8.95,51.0
816,2019,Kandiyohi,Rural,41941.0,4409.0,10.51,6.96,58.73,50.75,8.11,,25.81,12.81,5.95,19.14
817,2019,Kittson,Rural,4151.0,466.0,11.23,10.76,32.0,14.29,34.48,,0.0,14.29,10.87,0.0
818,2019,Koochiching,Rural,12237.0,1665.0,13.61,11.92,92.11,43.01,44.19,,0.0,43.82,11.89,5.16
819,2019,Lac qui Parle,Rural,6576.0,547.0,8.32,7.55,10.87,0.0,26.79,,48.57,23.44,7.48,33.79
820,2019,Lake,Rural,10356.0,902.0,8.71,8.68,43.18,9.78,0.0,0.0,0.0,0.0,8.76,3.31
821,2019,Lake of the Woods,Rural,3713.0,399.0,10.75,9.3,100.0,87.76,0.0,,,16.35,9.27,100.0
822,2019,Le Sueur,Rural,27986.0,2389.0,8.54,7.57,65.58,24.44,1.74,0.0,42.74,2.53,6.03,38.8
823,2019,Lincoln,Rural,5498.0,598.0,10.88,10.49,0.0,12.5,0.0,,0.0,54.39,10.33,14.41
824,2019,Lyon,Rural,24560.0,3473.0,14.14,10.59,27.03,32.0,16.32,50.0,71.9,22.75,9.69,60.5
825,2019,McLeod,Rural,35455.0,3018.0,8.51,7.31,15.66,36.25,21.63,,55.1,1.43,6.84,29.69
826,2019,Mahnomen,Rural,5391.0,1254.0,23.26,11.63,13.79,35.92,0.0,0.0,50.0,27.76,12.0,22.59
827,2019,Marshall,Rural,9265.0,637.0,6.88,6.82,3.85,0.0,0.0,0.0,34.38,1.59,6.29,21.85
828,2019,Martin,Rural,19550.0,2685.0,13.73,12.88,62.2,8.0,16.67,12.5,54.72,29.95,11.67,47.64
829,2019,Meeker,Rural,22689.0,1524.0,6.72,6.43,3.37,50.0,0.0,0.0,8.38,26.85,6.41,7.73
830,2019,Mille Lacs,Rural,25281.0,3127.0,12.37,11.2,41.27,30.88,0.0,0.0,0.0,19.72,10.82,20.87
831,2019,Morrison,Rural,32589.0,3317.0,10.18,9.44,91.61,10.67,63.19,,10.26,16.56,9.46,10.57
832,2019,Mower,Rural,39053.0,5277.0,13.51,11.56,33.04,2.63,28.94,0.0,14.83,34.5,9.15,31.99
833,2019,Murray,Rural,8140.0,580.0,7.13,6.71,64.52,0.0,5.71,,41.94,16.46,6.14,23.42
834,2019,Nicollet,Rural,31585.0,3117.0,9.87,7.99,55.76,46.15,17.16,,1.77,25.12,7.16,23.53
835,2019,Nobles,Rural,21315.0,2889.0,13.55,11.1,3.06,32.41,31.78,100.0,23.43,21.2,7.88,22.23
836,2019,Norman,Rural,6351.0,562.0,8.85,8.78,30.77,5.52,0.0,,18.18,4.43,8.57,15.48
837,2019,Olmsted,Urban,152624.0,12864.0,8.43,6.19,40.05,7.72,7.03,11.72,12.27,8.1,5.49,18.76
838,2019,Otter Tail,Rural,57190.0,5328.0,9.32,8.48,62.9,17.28,0.0,100.0,1.78,19.63,7.88,22.52
839,2019,Pennington,Rural,13961.0,1535.0,10.99,10.66,2.14,33.48,3.03,,30.3,15.95,10.79,8.63
840,2019,Pine,Rural,27418.0,3027.0,11.04,10.68,6.94,23.73,20.18,0.0,3.81,14.99,10.25,24.28
841,2019,Pipestone,Rural,9034.0,1056.0,11.69,9.86,62.71,33.14,0.0,,4.61,37.22,9.77,19.72
842,2019,Polk,Urban,30434.0,3579.0,11.76,10.45,25.85,33.4,3.82,6.25,31.59,30.13,9.82,23.69
843,2019,Pope,Rural,10854.0,779.0,7.18,6.85,17.39,5.56,1.59,,52.44,5.19,6.83,28.32
844,2019,Ramsey,Urban,530642.0,74112.0,13.97,8.02,30.79,39.5,22.47,9.89,20.23,22.17,7.14,20.65
845,2019,Red Lake,Rural,3980.0,416.0,10.45,9.24,30.0,36.76,,,0.0,39.33,7.99,41.72
846,2019,Redwood,Rural,14900.0,1508.0,10.12,8.66,0.0,20.56,33.5,,18.84,15.29,8.57,17.99
847,2019,Renville,Rural,14231.0,1420.0,9.98,8.05,88.1,51.22,10.0,,21.4,18.65,8.02,19.3
848,2019,Rice,Rural,57898.0,5301.0,9.16,6.22,36.41,31.87,12.47,0.0,33.42,17.25,6.21,21.38
849,2019,Rock,Rural,9144.0,824.0,9.01,8.29,13.58,0.0,45.0,,0.0,38.95,8.4,4.31
850,2019,Roseau,Rural,15060.0,1219.0,8.09,7.12,68.84,21.09,4.15,0.0,40.62,16.67,7.07,30.61
851,2019,St. Louis,Urban,191809.0,26991.0,14.07,12.57,42.19,38.42,27.31,19.78,24.35,28.98,12.56,20.53
852,2019,Scott,Urban,143352.0,7896.0,5.51,4.42,20.84,22.38,8.01,14.29,4.96,7.18,3.82,14.54
853,2019,Sherburne,Urban,92076.0,5912.0,6.42,4.74,31.38,51.84,26.45,,30.32,22.87,4.6,24.22
854,2019,Sibley,Rural,14742.0,1170.0,7.94,7.34,23.4,0.0,50.47,50.0,12.59,12.04,5.76,24.49
855,2019,Stearns,Urban,151561.0,19552.0,12.9,9.38,51.72,14.29,23.4,81.82,25.85,23.63,9.14,22.57
856,2019,Steele,Rural,36180.0,3236.0,8.94,7.04,43.92,84.5,0.18,0.0,22.19,14.57,6.39,20.74
857,2019,Stevens,Rural,9491.0,1178.0,12.41,10.35,20.9,76.87,28.79,100.0,11.87,43.27,10.64,11.07
858,2019,Swift,Rural,9228.0,1155.0,12.52,10.4,60.89,,0.0,96.49,32.64,29.11,9.12,42.55
859,2019,Todd,Rural,24186.0,2871.0,11.87,11.58,27.39,0.0,3.82,0.0,12.55,29.51,11.77,10.08
860,2019,Traverse,Rural,3225.0,319.0,9.89,7.36,46.15,24.39,0.0,,2.78,67.06,6.02,43.56
861,2019,Wabasha,Urban,21322.0,1651.0,7.74,6.91,36.52,27.78,20.65,,60.27,8.2,6.28,48.62
862,2019,Wadena,Rural,13304.0,1907.0,14.33,13.61,85.33,27.08,5.26,,4.81,26.67,13.66,4.87
863,2019,Waseca,Rural,17693.0,1718.0,9.71,7.86,60.38,2.13,17.12,0.0,49.63,21.79,7.49,28.69
864,2019,Washington,Urban,252232.0,10822.0,4.29,3.73,12.45,19.46,4.25,5.19,10.15,5.77,3.57,9.46
865,2019,Watonwan,Rural,10836.0,1451.0,13.39,11.92,76.53,0.0,3.1,,19.55,25.81,10.04,21.24
866,2019,Wilkin,Rural,6147.0,564.0,9.18,8.85,0.0,0.0,0.0,,75.0,45.65,8.86,33.33
867,2019,Winona,Rural,47085.0,6074.0,12.9,12.56,17.18,37.4,14.23,,32.02,17.74,12.57,15.98
868,2019,Wright,Urban,132905.0,6122.0,4.61,4.57,7.17,7.09,1.94,0.0,2.47,6.98,4.53,5.03
869,2019,Yellow Medicine,Rural,9592.0,1130.0,11.78,10.5,88.52,15.09,55.0,,0.0,37.76,10.32,10.94
870,2020,Aitkin,Rural,15609.0,1912.0,12.25,11.88,25.49,24.48,0.0,0.0,26.51,12.54,11.67,20.83
871,2020,Anoka,Urban,350280.0,20270.0,5.79,4.62,15.77,17.99,5.92,0.0,11.29,9.15,4.46,9.33
872,2020,Becker,Rural,33659.0,3588.0,10.66,8.31,13.08,36.3,21.95,0.0,0.33,21.6,8.14,19.61
873,2020,Beltrami,Rural,44567.0,8167.0,18.33,12.51,65.13,34.43,16.25,0.0,,26.66,12.59,34.54
874,2020,Benton,Urban,39663.0,3357.0,8.46,7.65,18.47,28.36,19.31,,2.98,15.32,7.5,11.33
875,2020,Big Stone,Rural,4827.0,596.0,12.35,12.59,,0.0,,,0.0,0.0,12.81,0.0
876,2020,Blue Earth,Rural,63892.0,10510.0,16.45,14.78,29.39,28.07,40.49,0.0,17.12,32.13,14.73,18.47
877,2020,Brown,Rural,23999.0,1687.0,7.03,5.91,7.14,75.0,13.75,,44.3,6.35,5.91,25.63
878,2020,Carlton,Urban,33937.0,3677.0,10.83,9.17,46.37,26.05,8.93,,42.31,21.55,9.04,29.34
879,2020,Carver,Urban,102421.0,3476.0,3.39,3.17,17.64,14.55,4.11,54.55,0.26,1.02,3.12,3.14
880,2020,Cass,Rural,29049.0,3775.0,13.0,10.05,33.33,36.2,8.28,0.0,2.69,18.15,9.87,22.24
881,2020,Chippewa,Rural,11645.0,1138.0,9.77,7.06,40.65,70.23,37.68,25.62,17.66,14.47,6.14,24.61
882,2020,Chisago,Urban,54299.0,3490.0,6.43,6.04,11.72,6.53,15.01,87.5,0.0,16.77,5.7,21.17
883,2020,Clay,Urban,60448.0,7835.0,12.96,10.3,55.24,34.84,46.0,89.86,1.76,13.89,10.24,13.05
884,2020,Clearwater,Rural,8708.0,1239.0,14.23,10.61,20.0,51.0,8.0,,12.5,20.83,10.7,14.57
885,2020,Cook,Rural,5356.0,543.0,10.14,8.39,,13.57,15.09,0.0,71.6,18.6,8.02,62.02
886,2020,Cottonwood,Rural,11080.0,1295.0,11.69,10.98,16.67,61.54,22.5,0.0,10.71,27.05,10.65,16.5
887,2020,Crow Wing,Rural,63741.0,6359.0,9.98,9.62,37.28,22.51,1.14,,0.0,15.62,9.62,5.95
888,2020,Dakota,Urban,422344.0,24475.0,5.8,4.61,14.61,15.08,5.69,0.0,11.97,10.07,3.86,16.23
889,2020,Dodge,Urban,20631.0,982.0,4.76,4.03,55.17,33.33,4.15,0.0,13.47,18.73,3.98,14.92
890,2020,Douglas,Rural,37326.0,2931.0,7.85,7.89,8.2,18.03,61.04,0.0,3.41,1.5,7.56,25.04
891,2020,Faribault,Rural,13342.0,1453.0,10.89,10.76,0.0,18.18,14.29,,7.69,15.99,9.3,28.26
892,2020,Fillmore,Rural,20571.0,1923.0,9.35,9.16,26.6,100.0,2.61,,41.41,5.19,9.0,28.86
893,2020,Freeborn,Rural,29888.0,2916.0,9.76,8.21,44.15,59.23,40.6,0.0,3.38,14.07,8.08,10.41
894,2020,Goodhue,Rural,45423.0,3899.0,8.58,7.67,47.28,26.3,16.24,,1.01,21.55,7.78,2.15
895,2020,Grant,Rural,5875.0,556.0,9.46,9.43,18.75,0.0,0.0,0.0,37.04,4.85,9.22,25.35
896,2020,Hennepin,Urban,1234027.0,125264.0,10.15,6.25,27.15,32.43,8.54,14.0,20.64,12.75,5.97,17.59
897,2020,Houston,Urban,18419.0,1393.0,7.56,7.5,22.11,4.55,0.0,0.0,2.13,6.58,6.95,47.75
898,2020,Hubbard,Rural,20957.0,2379.0,11.35,9.89,37.17,33.17,26.73,,89.32,9.98,9.84,47.64
899,2020,Isanti,Urban,39663.0,2989.0,7.54,7.55,22.99,34.65,0.0,,0.88,7.22,6.92,34.94
900,2020,Itasca,Rural,43961.0,5415.0,12.32,11.3,37.23,39.56,29.77,0.0,3.41,12.8,11.37,13.19
901,2020,Jackson,Rural,9694.0,731.0,7.54,6.87,6.25,,34.25,,23.28,0.0,6.6,18.03
902,2020,Kanabec,Rural,15881.0,1505.0,9.48,9.15,6.25,20.83,16.94,100.0,61.11,15.49,8.64,46.07
903,2020,Kandiyohi,Rural,41933.0,4321.0,10.3,7.86,49.01,70.42,21.05,,9.69,8.61,6.73,15.67
904,2020,Kittson,Rural,4119.0,490.0,11.9,11.37,46.15,0.0,28.21,,0.0,23.29,11.52,12.05
905,2020,Koochiching,Rural,12076.0,1463.0,12.11,11.21,97.14,36.64,60.38,,0.0,9.12,11.17,5.3
906,2020,Lac qui Parle,Rural,6508.0,589.0,9.05,8.12,12.5,0.0,18.97,,70.24,10.31,8.13,43.71
907,2020,Lake,Rural,10368.0,829.0,8.0,7.6,58.14,16.07,0.0,,0.0,16.39,7.66,3.23
908,2020,Lake of the Woods,Rural,3701.0,363.0,9.81,7.55,100.0,100.0,0.0,,,16.22,7.52,100.0
909,2020,Le Sueur,Rural,28169.0,2268.0,8.05,7.31,57.71,23.08,2.2,0.0,35.18,3.38,6.1,31.83
910,2020,Lincoln,Rural,5467.0,615.0,11.25,10.87,0.0,33.33,0.0,,0.0,39.51,10.74,16.07
911,2020,Lyon,Rural,24546.0,3165.0,12.89,9.41,24.67,42.31,20.1,50.0,62.18,15.97,9.06,49.05
912,2020,McLeod,Rural,35413.0,2527.0,7.14,6.2,9.09,53.19,1.42,,42.86,2.41,5.65,25.77
913,2020,Mahnomen,Rural,5372.0,1130.0,21.03,10.23,3.85,34.28,0.0,0.0,11.9,24.61,10.38,18.82
914,2020,Marshall,Rural,9220.0,634.0,6.88,6.81,2.94,0.0,4.17,,28.44,0.5,6.49,17.49
915,2020,Martin,Rural,19507.0,2524.0,12.94,12.08,63.64,0.0,21.18,12.5,71.93,19.69,11.41,34.88
916,2020,Meeker,Rural,22769.0,1541.0,6.77,6.55,2.83,46.15,0.0,,9.76,16.75,6.55,8.07
917,2020,Mille Lacs,Rural,25381.0,2811.0,11.08,9.92,58.93,28.11,0.0,0.0,0.0,19.87,9.88,5.16
918,2020,Morrison,Rural,32626.0,3359.0,10.3,9.57,34.29,15.0,40.77,,9.38,35.64,9.65,9.46
919,2020,Mower,Rural,39103.0,5277.0,13.5,11.0,23.07,3.23,34.82,0.0,8.59,45.34,8.88,30.06
920,2020,Murray,Rural,8082.0,572.0,7.08,7.09,24.14,0.0,4.12,,19.61,0.0,6.39,23.5
921,2020,Nicollet,Rural,31810.0,2699.0,8.48,6.34,66.81,50.0,12.74,,1.45,23.18,6.0,11.75
922,2020,Nobles,Rural,21247.0,2575.0,12.12,10.33,0.46,31.09,26.44,,19.24,15.12,8.22,18.16
923,2020,Norman,Rural,6264.0,590.0,9.42,9.27,29.63,15.38,14.71,,45.45,1.9,8.95,16.27
924,2020,Olmsted,Urban,153761.0,12377.0,8.05,5.69,39.08,4.31,6.88,12.5,25.87,6.76,5.18,17.5
925,2020,Otter Tail,Rural,57389.0,5018.0,8.74,8.06,46.83,16.97,0.0,,1.33,23.17,7.56,22.82
926,2020,Pennington,Rural,13899.0,1466.0,10.55,10.24,0.56,27.16,23.26,,41.67,8.24,10.41,6.9
927,2020,Pine,Rural,27453.0,2914.0,10.61,10.07,4.4,28.09,17.65,0.0,3.38,18.66,9.85,15.67
928,2020,Pipestone,Rural,9004.0,925.0,10.27,7.56,72.73,39.34,2.82,100.0,31.82,43.63,7.67,18.48
929,2020,Polk,Urban,30322.0,3563.0,11.75,10.56,23.02,26.06,2.83,0.0,25.36,22.89,9.21,34.02
930,2020,Pope,Rural,10908.0,915.0,8.39,8.51,17.39,9.38,1.28,,0.0,5.19,8.06,30.11
931,2020,Ramsey,Urban,532911.0,71487.0,13.41,8.01,28.46,45.14,21.21,10.83,13.67,19.04,7.19,19.26
932,2020,Red Lake,Rural,3987.0,427.0,10.71,9.99,13.33,44.0,,,,11.76,9.7,14.97
933,2020,Redwood,Rural,14822.0,1386.0,9.35,8.06,0.0,13.83,24.3,,6.87,33.42,8.04,10.77
934,2020,Renville,Rural,14161.0,1373.0,9.7,7.88,50.0,54.8,7.41,,19.87,21.77,7.63,22.14
935,2020,Rice,Rural,58313.0,5907.0,10.13,6.86,39.63,18.06,14.62,0.0,39.95,13.31,6.86,24.16
936,2020,Rock,Rural,9135.0,868.0,9.5,9.62,0.0,17.95,0.0,,0.0,8.74,9.47,13.69
937,2020,Roseau,Rural,14978.0,1133.0,7.56,7.45,4.38,25.28,2.73,,22.5,4.44,7.36,23.7
938,2020,St. Louis,Urban,191447.0,26357.0,13.77,12.27,43.67,43.07,27.76,26.76,11.99,25.3,12.3,17.25
939,2020,Scott,Urban,145243.0,7700.0,5.3,4.09,27.79,8.15,5.85,0.0,7.15,4.25,3.51,14.17
940,2020,Sherburne,Urban,93831.0,4953.0,5.28,3.73,25.6,50.15,21.53,,11.93,21.97,3.59,15.7
941,2020,Sibley,Rural,14733.0,1110.0,7.53,7.34,1.59,16.67,14.14,50.0,4.34,18.1,6.22,20.22
942,2020,Stearns,Urban,153067.0,18463.0,12.06,8.58,45.11,13.16,27.93,100.0,18.12,23.14,8.43,18.14
943,2020,Steele,Rural,36192.0,2887.0,7.98,6.72,34.19,83.7,1.92,0.0,7.5,7.95,6.18,12.59
944,2020,Stevens,Rural,9487.0,1184.0,12.48,9.87,26.24,67.72,64.13,100.0,12.96,24.32,10.1,12.83
945,2020,Swift,Rural,9205.0,1034.0,11.23,8.63,36.81,100.0,0.0,96.3,51.63,31.58,7.07,48.47
946,2020,Todd,Rural,24195.0,3276.0,13.54,13.24,23.88,0.0,3.75,0.0,12.11,25.03,13.07,15.55
947,2020,Traverse,Rural,3197.0,282.0,8.82,7.07,42.86,18.81,0.0,,2.44,43.68,5.43,43.59
948,2020,Wabasha,Urban,21339.0,1623.0,7.61,6.86,23.08,20.99,31.67,,48.95,6.92,6.39,37.23
949,2020,Wadena,Rural,13333.0,1949.0,14.62,14.02,72.12,30.84,6.82,,7.32,16.02,14.12,2.54
950,2020,Waseca,Rural,17709.0,1418.0,8.01,6.73,82.14,2.42,9.52,0.0,60.34,15.13,6.37,24.5
951,2020,Washington,Urban,255400.0,11134.0,4.36,3.82,11.16,15.8,4.67,6.06,6.99,6.63,3.73,8.33
952,2020,Watonwan,Rural,10771.0,1366.0,12.68,11.91,0.0,,8.84,,19.33,9.16,9.71,21.53
953,2020,Wilkin,Rural,6142.0,633.0,10.31,8.82,0.0,0.0,0.0,,79.45,50.41,8.25,50.51
954,2020,Winona,Rural,47140.0,6268.0,13.3,12.9,20.09,57.14,18.17,,23.68,12.17,12.86,20.28
955,2020,Wright,Urban,135007.0,6841.0,5.07,4.63,4.78,8.47,9.18,,10.62,18.59,4.59,13.72
956,2020,Yellow Medicine,Rural,9612.0,881.0,9.17,8.69,33.33,14.22,0.0,,0.0,23.33,8.43,11.32
957,2021,Aitkin,Rural,15542.0,1804.0,11.61,11.23,27.78,19.81,34.78,0.0,39.32,8.78,11.21,6.25
958,2021,Anoka,Urban,357436.0,21009.0,5.88,4.86,14.53,14.02,6.78,0.0,6.04,8.17,4.66,8.51
959,2021,Becker,Rural,34342.0,3752.0,10.93,8.56,6.9,40.2,4.2,0.0,4.41,18.59,8.41,23.14
960,2021,Beltrami,Rural,43999.0,7406.0,16.83,11.79,61.2,30.39,4.43,0.0,1.42,26.86,11.83,27.35
961,2021,Benton,Urban,40380.0,3816.0,9.45,8.25,25.37,23.35,24.36,0.0,2.3,15.38,8.08,13.95
962,2021,Big Stone,Rural,5020.0,636.0,12.67,12.62,100.0,0.0,28.57,,0.0,7.79,12.83,2.88
963,2021,Blue Earth,Rural,65213.0,10657.0,16.34,14.89,29.36,61.29,32.78,0.0,17.53,25.6,14.76,18.9
964,2021,Brown,Rural,24822.0,1983.0,7.99,6.93,15.17,29.49,19.08,,51.04,7.75,6.73,29.25
965,2021,Carlton,Urban,34205.0,4043.0,11.82,10.22,61.23,26.72,2.16,,50.0,22.47,9.92,41.36
966,2021,Carver,Urban,104619.0,3973.0,3.8,3.6,18.43,7.73,2.91,72.73,0.09,3.81,3.63,1.76
967,2021,Cass,Rural,29492.0,3686.0,12.5,9.6,39.33,30.19,11.86,0.0,29.89,19.4,9.41,23.93
968,2021,Chippewa,Rural,12295.0,1384.0,11.26,8.84,55.71,66.82,83.22,0.0,10.94,11.3,8.14,17.34
969,2021,Chisago,Urban,54823.0,3618.0,6.6,6.22,19.53,0.0,20.75,36.36,18.96,9.9,5.84,22.19
970,2021,Clay,Urban,61584.0,8654.0,14.05,10.78,56.11,53.33,21.7,90.65,27.19,15.96,10.95,8.82
971,2021,Clearwater,Rural,8386.0,1084.0,12.93,10.06,25.0,40.7,8.62,,8.57,19.57,10.17,18.32
972,2021,Cook,Rural,5525.0,505.0,9.14,6.2,,19.73,16.67,0.0,49.07,31.1,6.02,48.2
973,2021,Cottonwood,Rural,11315.0,1295.0,11.44,10.4,3.7,57.5,31.93,0.0,8.03,22.41,10.12,18.47
974,2021,Crow Wing,Rural,64935.0,6612.0,10.18,9.83,37.65,8.45,0.36,,27.88,14.39,9.81,7.62
975,2021,Dakota,Urban,432943.0,23646.0,5.46,4.55,10.88,10.33,4.31,0.0,13.16,8.84,4.05,14.13
976,2021,Dodge,Urban,20609.0,1006.0,4.88,3.9,33.71,45.65,22.39,0.0,14.34,13.45,3.75,16.22
977,2021,Douglas,Rural,38271.0,3118.0,8.15,7.87,22.89,8.06,60.69,0.0,1.03,11.35,7.59,21.11
978,2021,Faribault,Rural,13628.0,1576.0,11.56,10.79,0.0,9.52,10.0,,10.33,29.51,9.43,34.19
979,2021,Fillmore,Rural,20731.0,1896.0,9.15,8.88,31.73,42.86,0.0,,40.37,5.75,8.83,23.48
980,2021,Freeborn,Rural,30356.0,3200.0,10.54,8.23,29.41,52.87,46.04,0.0,3.06,26.17,7.81,17.99
981,2021,Goodhue,Rural,46604.0,4055.0,8.7,7.74,52.73,27.64,13.57,,0.52,16.91,7.75,3.09
982,2021,Grant,Rural,5943.0,470.0,7.91,7.61,11.63,0.0,0.0,0.0,26.92,15.04,7.62,18.71
983,2021,Hennepin,Urban,1249220.0,123469.0,9.88,6.29,26.37,32.48,7.68,21.61,18.76,10.8,6.08,15.36
984,2021,Houston,Urban,18554.0,1290.0,6.95,6.8,27.6,3.7,5.52,,0.0,5.96,6.57,18.58
985,2021,Hubbard,Rural,20872.0,2287.0,10.96,9.54,25.64,26.03,0.0,,83.0,14.21,9.54,50.29
986,2021,Isanti,Urban,40246.0,3550.0,8.82,8.62,24.42,17.32,4.97,100.0,0.62,15.1,7.65,48.06
987,2021,Itasca,Rural,43870.0,4869.0,11.1,10.27,32.56,34.67,15.32,11.11,16.13,9.12,10.31,9.75
988,2021,Jackson,Rural,9849.0,947.0,9.62,7.93,10.0,,31.61,,16.18,48.41,7.79,14.14
989,2021,Kanabec,Rural,15721.0,1530.0,9.73,9.78,0.0,27.59,3.57,,0.0,8.48,9.42,29.15
990,2021,Kandiyohi,Rural,42531.0,4665.0,10.97,7.97,49.03,84.07,34.75,,9.96,10.83,6.65,17.38
991,2021,Kittson,Rural,4073.0,415.0,10.19,9.41,20.0,0.0,0.0,,0.0,32.52,9.49,14.71
992,2021,Koochiching,Rural,11934.0,1356.0,11.36,11.57,94.29,12.4,36.84,,0.0,2.62,11.56,3.92
993,2021,Lac qui Parle,Rural,6605.0,603.0,9.13,8.48,14.29,0.0,9.09,,54.46,5.26,8.43,38.6
994,2021,Lake,Rural,10655.0,818.0,7.68,7.56,100.0,38.1,0.0,,0.0,5.64,7.6,3.61
995,2021,Lake of the Woods,Rural,3714.0,467.0,12.57,10.38,100.0,95.89,0.0,,,18.5,10.35,100.0
996,2021,Le Sueur,Rural,28318.0,2231.0,7.88,7.02,57.95,21.62,7.14,,31.6,1.91,6.2,26.6
997,2021,Lincoln,Rural,5485.0,526.0,9.59,9.47,0.0,20.0,0.0,0.0,0.0,20.54,9.03,29.41
998,2021,Lyon,Rural,24424.0,2999.0,12.28,9.23,26.83,40.0,22.66,50.0,47.88,13.08,8.91,38.24
999,2021,McLeod,Rural,36286.0,2635.0,7.26,6.39,13.5,69.57,1.67,,32.14,3.46,5.75,25.03
1000,2021,Mahnomen,Rural,5288.0,1114.0,21.07,9.76,0.0,34.02,0.0,0.0,0.0,27.05,9.85,18.82
1001,2021,Marshall,Rural,8929.0,672.0,7.53,7.36,3.45,0.0,3.33,,25.36,5.29,7.43,12.05
1002,2021,Martin,Rural,19850.0,2322.0,11.7,11.02,62.86,0.0,8.33,100.0,39.09,13.16,10.14,35.69
1003,2021,Meeker,Rural,22911.0,1768.0,7.72,7.43,8.54,20.83,34.29,,9.71,17.04,7.47,7.07
1004,2021,Mille Lacs,Rural,25812.0,2836.0,10.99,9.7,55.81,27.47,0.0,4.0,2.75,22.6,9.6,15.72
1005,2021,Morrison,Rural,33392.0,3335.0,9.99,9.62,51.19,16.67,7.45,,0.0,24.38,9.71,5.57
1006,2021,Mower,Rural,39161.0,4966.0,12.68,9.24,26.13,45.28,33.83,0.0,10.55,38.68,8.49,26.16
1007,2021,Murray,Rural,8090.0,507.0,6.27,6.09,2.38,0.0,30.19,,4.67,0.0,5.38,19.95
1008,2021,Nicollet,Rural,31826.0,2989.0,9.39,7.52,56.27,54.95,7.1,,6.81,20.07,7.31,15.08
1009,2021,Nobles,Rural,21895.0,2581.0,11.79,9.25,11.44,3.74,24.41,,20.21,16.55,7.45,19.24
1010,2021,Norman,Rural,6316.0,651.0,10.31,10.24,21.33,17.27,16.67,,42.86,2.79,9.91,16.37
1011,2021,Olmsted,Urban,158267.0,12043.0,7.61,5.69,30.51,11.97,5.66,22.68,28.57,6.19,5.54,13.58
1012,2021,Otter Tail,Rural,58744.0,5196.0,8.85,8.32,34.02,8.22,0.0,,1.21,20.81,7.56,27.9
1013,2021,Pennington,Rural,13866.0,1423.0,10.26,9.84,0.58,47.13,13.17,,14.29,11.31,10.01,8.99
1014,2021,Pine,Rural,27328.0,2882.0,10.55,9.65,13.42,49.2,7.69,0.0,3.66,14.27,9.52,14.29
1015,2021,Pipestone,Rural,9218.0,1057.0,11.47,8.1,83.33,52.1,1.08,100.0,41.18,50.0,7.83,24.26
1016,2021,Polk,Urban,30199.0,3599.0,11.92,10.97,13.39,16.46,1.84,0.0,20.11,26.72,9.36,46.33
1017,2021,Pope,Rural,11014.0,883.0,8.02,8.04,3.64,2.78,2.17,,9.78,9.06,7.94,22.92
1018,2021,Ramsey,Urban,536204.0,70990.0,13.24,8.0,26.65,38.82,21.47,9.86,13.58,17.69,7.21,18.26
1019,2021,Red Lake,Rural,3905.0,395.0,10.12,9.46,22.86,29.58,,,0.0,14.71,9.3,13.04
1020,2021,Redwood,Rural,15127.0,1490.0,9.85,8.54,7.06,11.85,29.14,,10.82,25.91,8.54,9.81
1021,2021,Renville,Rural,14423.0,1403.0,9.73,7.16,41.67,62.77,6.06,,21.36,36.05,6.87,29.33
1022,2021,Rice,Rural,58615.0,5992.0,10.22,7.28,35.12,67.92,21.31,0.0,29.0,14.71,7.37,19.88
1023,2021,Rock,Rural,9440.0,872.0,9.24,8.67,0.0,76.92,6.78,,12.9,16.8,8.45,15.62
1024,2021,Roseau,Rural,15044.0,1259.0,8.37,7.98,5.7,25.96,1.88,,27.45,15.24,7.96,44.04
1025,2021,St. Louis,Urban,192339.0,26095.0,13.57,12.2,44.51,40.95,22.28,43.18,23.9,20.05,12.22,19.58
1026,2021,Scott,Urban,147688.0,6851.0,4.64,3.54,26.26,18.17,1.69,0.0,5.75,3.8,2.86,14.86
1027,2021,Sherburne,Urban,94130.0,4722.0,5.02,3.79,16.34,56.52,8.52,,10.91,20.44,3.75,4.68
1028,2021,Sibley,Rural,14821.0,1179.0,7.95,7.94,1.48,15.38,0.0,,5.38,15.01,6.78,19.34
1029,2021,Stearns,Urban,151152.0,19335.0,12.79,8.95,46.69,11.06,32.44,78.12,15.97,22.46,8.86,16.11
1030,2021,Steele,Rural,36863.0,3155.0,8.56,7.83,32.62,16.67,2.65,0.0,3.16,8.69,7.15,12.75
1031,2021,Stevens,Rural,9401.0,1278.0,13.59,9.31,57.49,84.78,73.37,37.14,33.51,21.63,9.39,23.97
1032,2021,Swift,Rural,9683.0,1184.0,12.23,9.83,47.54,57.14,0.0,95.06,52.87,20.54,8.19,52.05
1033,2021,Todd,Rural,24740.0,3393.0,13.71,13.05,15.15,4.27,5.34,0.0,10.86,29.59,12.85,22.63
1034,2021,Traverse,Rural,3283.0,270.0,8.22,5.98,0.0,18.86,0.0,,10.34,53.85,4.63,33.58
1035,2021,Wabasha,Urban,21212.0,1503.0,7.09,6.48,2.06,18.33,25.78,,51.15,7.55,5.96,37.73
1036,2021,Wadena,Rural,13634.0,1850.0,13.57,13.28,55.74,39.76,9.84,,11.29,8.64,13.35,2.08
1037,2021,Waseca,Rural,18037.0,1456.0,8.07,6.48,76.24,6.2,5.11,0.0,50.47,22.79,5.98,31.59
1038,2021,Washington,Urban,261262.0,11010.0,4.21,3.64,10.21,26.1,4.06,8.21,8.9,7.01,3.52,8.53
1039,2021,Watonwan,Rural,11105.0,1447.0,13.03,10.68,0.0,,13.21,,24.27,26.26,9.35,21.96
1040,2021,Wilkin,Rural,6391.0,865.0,13.53,11.21,0.0,0.0,0.0,,54.21,69.27,11.0,34.93
1041,2021,Winona,Rural,46459.0,6245.0,13.44,12.65,18.01,28.31,19.51,0.0,36.19,23.22,12.6,25.93
1042,2021,Wright,Urban,138525.0,6767.0,4.89,4.52,2.18,12.61,5.01,,10.44,14.05,4.53,12.81
1043,2021,Yellow Medicine,Rural,9469.0,941.0,9.94,8.97,28.57,24.53,0.0,,11.92,26.24,8.69,16.17
